#
# A fatal error has been detected by the Java Runtime Environment:
#
#  SIGSEGV (0xb) at pc=0x00007f0f7b685361, pid=492393, tid=492423
#
# JRE version: Java(TM) SE Runtime Environment (17.0.12+8) (build 17.0.12+8-LTS-286)
# Java VM: Java HotSpot(TM) 64-Bit Server VM (17.0.12+8-LTS-286, mixed mode, sharing, tiered, compressed oops, compressed class ptrs, g1 gc, linux-amd64)
# Problematic frame:
# C  [libc.so.6+0xa3361]
#
# Core dump will be written. Default location: Core dumps may be processed with "/usr/lib/systemd/systemd-coredump %P %u %g %s %t %c %h" (or dumping to /u/CAS/eesdk/examples/java/core.492393)
#
# If you would like to submit a bug report, please visit:
#   https://bugreport.java.com/bugreport/crash.jsp
#

---------------  S U M M A R Y ------------

Command Line: -Djava.library.path=../../build/lib Main

Host: Hygon C86 3250  8-core Processor, 16 cores, 14G, Kylin V10
Time: Mon Nov  3 15:53:19 2025 CST elapsed time: 1.197507 seconds (0d 0h 0m 1s)

---------------  T H R E A D  ---------------

Current thread (0x00007f0f74024910):  JavaThread "main" [_thread_in_vm, id=492423, stack(0x00007f0f7a0c7000,0x00007f0f7a1c8000)]

Stack: [0x00007f0f7a0c7000,0x00007f0f7a1c8000],  sp=0x00007f0f7a1c6718,  free space=1021k
Native frames: (J=compiled Java code, j=interpreted, Vv=VM code, C=native code)
C  [libc.so.6+0xa3361]
C  [libee_sdk_jni.so+0x1370a2]  Java_com_turingq_eesdk_EESdk_requestCertificateWithPKCS10+0x1f7
j  com.turingq.eesdk.EESdk.requestCertificateWithPKCS10(J[B)Lcom/turingq/eesdk/CertificateResponse;+0
j  com.turingq.eesdk.EESdk.requestCertificateWithPKCS10([B)Lcom/turingq/eesdk/CertificateResponse;+24
j  Main.exampleRequestCertificateWithPKCS10(Lcom/turingq/eesdk/EESdk;)V+58
j  Main.main([Ljava/lang/String;)V+57
v  ~StubRoutines::call_stub
V  [libjvm.so+0x802cb5]  JavaCalls::call_helper(JavaValue*, methodHandle const&, JavaCallArguments*, JavaThread*)+0x315
V  [libjvm.so+0x89edc1]  jni_invoke_static(JNIEnv_*, JavaValue*, _jobject*, JNICallType, _jmethodID*, JNI_ArgumentPusher*, JavaThread*) [clone .constprop.1]+0x3d1
V  [libjvm.so+0x8a1c3e]  jni_CallStaticVoidMethod+0x16e
C  [libjli.so+0x468b]  JavaMain+0xd2b
C  [libjli.so+0x7d39]  ThreadJavaMain+0x9

Java frames: (J=compiled Java code, j=interpreted, Vv=VM code)
j  com.turingq.eesdk.EESdk.requestCertificateWithPKCS10(J[B)Lcom/turingq/eesdk/CertificateResponse;+0
j  com.turingq.eesdk.EESdk.requestCertificateWithPKCS10([B)Lcom/turingq/eesdk/CertificateResponse;+24
j  Main.exampleRequestCertificateWithPKCS10(Lcom/turingq/eesdk/EESdk;)V+58
j  Main.main([Ljava/lang/String;)V+57
v  ~StubRoutines::call_stub

siginfo: si_signo: 11 (SIGSEGV), si_code: 1 (SEGV_MAPERR), si_addr: 0x00007f0fe83308b0

Registers:
RAX=0x0000000728e00010, RBX=0x000000007416e880, RCX=0x00007f0f74024910, RDX=0x000000007416e880
RSP=0x00007f0f7a1c6718, RBP=0x00007f0f7a1c6770, RSI=0x00007f0f741c2040, RDI=0x0000000728e00010
R8 =0x00007f0f741c2040, R9 =0x00007f0f74024910, R10=0x00000000000003d8, R11=0x0000000000000000
R12=0x00007f0f74024910, R13=0x0000000728e00010, R14=0x0000000000000010, R15=0x00007f0f741c2040
RIP=0x00007f0f7b685361, EFLAGS=0x0000000000010283, CSGSFS=0x002b000000000033, ERR=0x0000000000000004
  TRAPNO=0x000000000000000e


Register to memory mapping:

RAX=0x0000000728e00010 is pointing into object: [B 
{0x0000000728e00000} - klass: {type array byte}
 - length: 1947658368
RBX=0x000000007416e880 is an unknown value
RCX=0x00007f0f74024910 is a thread
RDX=0x000000007416e880 is an unknown value
RSP=0x00007f0f7a1c6718 is pointing into the stack for thread: 0x00007f0f74024910
RBP=0x00007f0f7a1c6770 is pointing into the stack for thread: 0x00007f0f74024910
RSI=0x00007f0f741c2040 points into unknown readable memory: 0x616a001e2ae80008 | 08 00 e8 2a 1e 00 6a 61
RDI=0x0000000728e00010 is pointing into object: [B 
{0x0000000728e00000} - klass: {type array byte}
 - length: 1947658368
R8 =0x00007f0f741c2040 points into unknown readable memory: 0x616a001e2ae80008 | 08 00 e8 2a 1e 00 6a 61
R9 =0x00007f0f74024910 is a thread
R10=0x00000000000003d8 is an unknown value
R11=0x0 is NULL
R12=0x00007f0f74024910 is a thread
R13=0x0000000728e00010 is pointing into object: [B 
{0x0000000728e00000} - klass: {type array byte}
 - length: 1947658368
R14=0x0000000000000010 is an unknown value
R15=0x00007f0f741c2040 points into unknown readable memory: 0x616a001e2ae80008 | 08 00 e8 2a 1e 00 6a 61


Top of Stack: (sp=0x00007f0f7a1c6718)
0x00007f0f7a1c6718:   00007f0f7ac0129d 00007f0f74024910
0x00007f0f7a1c6728:   0000000000000000 00007f0f74024910
0x00007f0f7a1c6738:   0000000000000000 00007f0f74024910
0x00007f0f7a1c6748:   00007f0f3c403748 0000000000000000 

Instructions: (pc=0x00007f0f7b685361)
0x00007f0f7b685261:   3b 15 51 3d 11 00 0f 83 e2 00 00 00 48 39 f7 72
0x00007f0f7b685271:   0f 74 12 4c 8d 0c 16 4c 39 cf 0f 82 63 01 00 00
0x00007f0f7b685281:   48 89 d1 f3 a4 c3 80 fa 08 73 12 80 fa 04 73 1e
0x00007f0f7b685291:   80 fa 01 77 26 72 05 0f b6 0e 88 0f c3 48 8b 4c
0x00007f0f7b6852a1:   16 f8 48 8b 36 48 89 4c 17 f8 48 89 37 c3 8b 4c
0x00007f0f7b6852b1:   16 fc 8b 36 89 4c 17 fc 89 37 c3 0f b7 4c 16 fe
0x00007f0f7b6852c1:   0f b7 36 66 89 4c 17 fe 66 89 37 c3 48 81 fa 00
0x00007f0f7b6852d1:   08 00 00 77 8a 48 81 fa 80 00 00 00 77 70 48 83
0x00007f0f7b6852e1:   fa 40 72 47 0f 10 06 0f 10 4e 10 0f 10 56 20 0f
0x00007f0f7b6852f1:   10 5e 30 0f 10 64 16 f0 0f 10 6c 16 e0 0f 10 74
0x00007f0f7b685301:   16 d0 0f 10 7c 16 c0 0f 11 07 0f 11 4f 10 0f 11
0x00007f0f7b685311:   57 20 0f 11 5f 30 0f 11 64 17 f0 0f 11 6c 17 e0
0x00007f0f7b685321:   0f 11 74 17 d0 0f 11 7c 17 c0 c3 0f 10 06 0f 10
0x00007f0f7b685331:   4e 10 0f 10 54 16 f0 0f 10 5c 16 e0 0f 11 07 0f
0x00007f0f7b685341:   11 4f 10 0f 11 54 17 f0 0f 11 5c 17 e0 c3 48 39
0x00007f0f7b685351:   f7 0f 87 8c 00 00 00 0f 84 28 ff ff ff 0f 10 26
0x00007f0f7b685361:   0f 10 6c 16 f0 0f 10 74 16 e0 0f 10 7c 16 d0 44
0x00007f0f7b685371:   0f 10 44 16 c0 49 89 fb 48 8d 4c 17 f0 49 89 f8
0x00007f0f7b685381:   49 83 e0 0f 49 83 e8 10 4c 29 c6 4c 29 c7 4c 01
0x00007f0f7b685391:   c2 48 3b 15 1f 3c 11 00 0f 87 cc 00 00 00 0f 10
0x00007f0f7b6853a1:   06 0f 10 4e 10 0f 10 56 20 0f 10 5e 30 48 83 c6
0x00007f0f7b6853b1:   40 48 83 ea 40 0f 29 07 0f 29 4f 10 0f 29 57 20
0x00007f0f7b6853c1:   0f 29 5f 30 48 83 c7 40 48 83 fa 40 77 d0 0f 11
0x00007f0f7b6853d1:   29 0f 11 71 f0 0f 11 79 e0 44 0f 11 41 d0 41 0f
0x00007f0f7b6853e1:   11 23 c3 0f 10 26 0f 10 6e 10 0f 10 76 20 0f 10
0x00007f0f7b6853f1:   7e 30 44 0f 10 44 16 f0 4c 8d 5c 17 f0 48 8d 4c
0x00007f0f7b685401:   16 f0 4d 89 d9 4d 89 d8 49 83 e0 0f 4c 29 c1 4d
0x00007f0f7b685411:   29 c1 4c 29 c2 48 3b 15 9b 3b 11 00 0f 87 af 00
0x00007f0f7b685421:   00 00 0f 10 01 0f 10 49 f0 0f 10 51 e0 0f 10 59
0x00007f0f7b685431:   d0 48 83 e9 40 48 83 ea 40 41 0f 29 01 41 0f 29
0x00007f0f7b685441:   49 f0 41 0f 29 51 e0 41 0f 29 59 d0 49 83 e9 40
0x00007f0f7b685451:   48 83 fa 40 77 cc 0f 11 27 0f 11 6f 10 0f 11 77 


Stack slot to memory mapping:
stack at sp + 0 slots: 0x00007f0f7ac0129d: <offset 0x00000000008ab29d> in /root/coding/jdk-17.0.12/lib/server/libjvm.so at 0x00007f0f7a356000
stack at sp + 1 slots: 0x00007f0f74024910 is a thread
stack at sp + 2 slots: 0x0 is NULL
stack at sp + 3 slots: 0x00007f0f74024910 is a thread
stack at sp + 4 slots: 0x0 is NULL
stack at sp + 5 slots: 0x00007f0f74024910 is a thread
stack at sp + 6 slots: {method} {0x00007f0f3c403748} 'requestCertificateWithPKCS10' '(J[B)Lcom/turingq/eesdk/CertificateResponse;' in 'com/turingq/eesdk/EESdk'
stack at sp + 7 slots: 0x0 is NULL


---------------  P R O C E S S  ---------------

Threads class SMR info:
_java_thread_list=0x00007f0f741add20, length=11, elements={
0x00007f0f74024910, 0x00007f0f7418c1f0, 0x00007f0f7418d5e0, 0x00007f0f74192b90,
0x00007f0f74193f50, 0x00007f0f74195370, 0x00007f0f74196db0, 0x00007f0f741a02e0,
0x00007f0f741a1760, 0x00007f0f741a8d90, 0x00007f0f741acdc0
}

Java Threads: ( => current thread )
=>0x00007f0f74024910 JavaThread "main" [_thread_in_vm, id=492423, stack(0x00007f0f7a0c7000,0x00007f0f7a1c8000)]
  0x00007f0f7418c1f0 JavaThread "Reference Handler" daemon [_thread_blocked, id=492430, stack(0x00007f0f540f1000,0x00007f0f541f1000)]
  0x00007f0f7418d5e0 JavaThread "Finalizer" daemon [_thread_blocked, id=492431, stack(0x00007f0f45f00000,0x00007f0f46000000)]
  0x00007f0f74192b90 JavaThread "Signal Dispatcher" daemon [_thread_blocked, id=492432, stack(0x00007f0f45dff000,0x00007f0f45eff000)]
  0x00007f0f74193f50 JavaThread "Service Thread" daemon [_thread_blocked, id=492433, stack(0x00007f0f45cfe000,0x00007f0f45dfe000)]
  0x00007f0f74195370 JavaThread "Monitor Deflation Thread" daemon [_thread_blocked, id=492434, stack(0x00007f0f45bfd000,0x00007f0f45cfd000)]
  0x00007f0f74196db0 JavaThread "C2 CompilerThread0" daemon [_thread_blocked, id=492435, stack(0x00007f0f45afc000,0x00007f0f45bfc000)]
  0x00007f0f741a02e0 JavaThread "C1 CompilerThread0" daemon [_thread_blocked, id=492436, stack(0x00007f0f459fb000,0x00007f0f45afb000)]
  0x00007f0f741a1760 JavaThread "Sweeper thread" daemon [_thread_blocked, id=492437, stack(0x00007f0f458fa000,0x00007f0f459fa000)]
  0x00007f0f741a8d90 JavaThread "Notification Thread" daemon [_thread_blocked, id=492438, stack(0x00007f0f457f9000,0x00007f0f458f9000)]
  0x00007f0f741acdc0 JavaThread "Common-Cleaner" daemon [_thread_blocked, id=492440, stack(0x00007f0f455f7000,0x00007f0f456f7000)]

Other Threads:
  0x00007f0f741882c0 VMThread "VM Thread" [stack: 0x00007f0f541f2000,0x00007f0f542f2000] [id=492429]
  0x00007f0f741aabb0 WatcherThread [stack: 0x00007f0f456f8000,0x00007f0f457f8000] [id=492439]
  0x00007f0f74089c50 GCTaskThread "GC Thread#0" [stack: 0x00007f0f7809d000,0x00007f0f7819d000] [id=492424]
  0x00007f0ef0006ad0 GCTaskThread "GC Thread#1" [stack: 0x00007f0ef438a000,0x00007f0ef448a000] [id=492447]
  0x00007f0ef0007520 GCTaskThread "GC Thread#2" [stack: 0x00007f0ef4289000,0x00007f0ef4389000] [id=492448]
  0x00007f0ef0007f70 GCTaskThread "GC Thread#3" [stack: 0x00007f0ef4188000,0x00007f0ef4288000] [id=492449]
  0x00007f0ef00089c0 GCTaskThread "GC Thread#4" [stack: 0x00007f0ef4087000,0x00007f0ef4187000] [id=492450]
  0x00007f0f740997c0 ConcurrentGCThread "G1 Main Marker" [stack: 0x00007f0f554af000,0x00007f0f555af000] [id=492425]
  0x00007f0f7409a730 ConcurrentGCThread "G1 Conc#0" [stack: 0x00007f0f553ae000,0x00007f0f554ae000] [id=492426]
  0x00007f0f74159050 ConcurrentGCThread "G1 Refine#0" [stack: 0x00007f0f545a0000,0x00007f0f546a0000] [id=492427]
  0x00007f0f74159f40 ConcurrentGCThread "G1 Service" [stack: 0x00007f0f5449f000,0x00007f0f5459f000] [id=492428]

Threads with active compile tasks:

VM state: not at safepoint (normal execution)

VM Mutex/Monitor currently owned by a thread: None

Heap address: 0x000000071aa00000, size: 3670 MB, Compressed Oops mode: Zero based, Oop shift amount: 3

CDS archive(s) mapped at: [0x00007f0ef7000000-0x00007f0ef7bee000-0x00007f0ef7bee000), size 12509184, SharedBaseAddress: 0x00007f0ef7000000, ArchiveRelocationMode: 1.
Compressed class space mapped at: 0x00007f0ef8000000-0x00007f0f38000000, reserved size: 1073741824
Narrow klass base: 0x00007f0ef7000000, Narrow klass shift: 0, Narrow klass range: 0x100000000

GC Precious Log:
 CPUs: 16 total, 16 available
 Memory: 14673M
 Large Page Support: Disabled
 NUMA Support: Disabled
 Compressed Oops: Enabled (Zero based)
 Heap Region Size: 2M
 Heap Min Capacity: 8M
 Heap Initial Capacity: 230M
 Heap Max Capacity: 3670M
 Pre-touch: Disabled
 Parallel Workers: 13
 Concurrent Workers: 3
 Concurrent Refinement Workers: 13
 Periodic GC: Disabled

Heap:
 garbage-first heap   total 2140160K, used 1905119K [0x000000071aa00000, 0x0000000800000000)
  region size 2048K, 1 young (2048K), 1 survivors (2048K)
 Metaspace       used 400K, committed 576K, reserved 1114112K
  class space    used 33K, committed 128K, reserved 1048576K

Heap Regions: E=young(eden), S=young(survivor), O=old, HS=humongous(starts), HC=humongous(continues), CS=collection set, F=free, OA=open archive, CA=closed archive, TAMS=top-at-mark-start (previous, next)
|   0|0x000000071aa00000, 0x000000071aa00000, 0x000000071ac00000|  0%| F|  |TAMS 0x000000071aa00000, 0x000000071aa00000| Untracked 
|   1|0x000000071ac00000, 0x000000071ac00000, 0x000000071ae00000|  0%| F|  |TAMS 0x000000071ac00000, 0x000000071ac00000| Untracked 
|   2|0x000000071ae00000, 0x000000071ae00000, 0x000000071b000000|  0%| F|  |TAMS 0x000000071ae00000, 0x000000071ae00000| Untracked 
|   3|0x000000071b000000, 0x000000071b000000, 0x000000071b200000|  0%| F|  |TAMS 0x000000071b000000, 0x000000071b000000| Untracked 
|   4|0x000000071b200000, 0x000000071b200000, 0x000000071b400000|  0%| F|  |TAMS 0x000000071b200000, 0x000000071b200000| Untracked 
|   5|0x000000071b400000, 0x000000071b400000, 0x000000071b600000|  0%| F|  |TAMS 0x000000071b400000, 0x000000071b400000| Untracked 
|   6|0x000000071b600000, 0x000000071b600000, 0x000000071b800000|  0%| F|  |TAMS 0x000000071b600000, 0x000000071b600000| Untracked 
|   7|0x000000071b800000, 0x000000071b800000, 0x000000071ba00000|  0%| F|  |TAMS 0x000000071b800000, 0x000000071b800000| Untracked 
|   8|0x000000071ba00000, 0x000000071ba00000, 0x000000071bc00000|  0%| F|  |TAMS 0x000000071ba00000, 0x000000071ba00000| Untracked 
|   9|0x000000071bc00000, 0x000000071bc00000, 0x000000071be00000|  0%| F|  |TAMS 0x000000071bc00000, 0x000000071bc00000| Untracked 
|  10|0x000000071be00000, 0x000000071be00000, 0x000000071c000000|  0%| F|  |TAMS 0x000000071be00000, 0x000000071be00000| Untracked 
|  11|0x000000071c000000, 0x000000071c000000, 0x000000071c200000|  0%| F|  |TAMS 0x000000071c000000, 0x000000071c000000| Untracked 
|  12|0x000000071c200000, 0x000000071c200000, 0x000000071c400000|  0%| F|  |TAMS 0x000000071c200000, 0x000000071c200000| Untracked 
|  13|0x000000071c400000, 0x000000071c400000, 0x000000071c600000|  0%| F|  |TAMS 0x000000071c400000, 0x000000071c400000| Untracked 
|  14|0x000000071c600000, 0x000000071c600000, 0x000000071c800000|  0%| F|  |TAMS 0x000000071c600000, 0x000000071c600000| Untracked 
|  15|0x000000071c800000, 0x000000071c800000, 0x000000071ca00000|  0%| F|  |TAMS 0x000000071c800000, 0x000000071c800000| Untracked 
|  16|0x000000071ca00000, 0x000000071ca00000, 0x000000071cc00000|  0%| F|  |TAMS 0x000000071ca00000, 0x000000071ca00000| Untracked 
|  17|0x000000071cc00000, 0x000000071cc00000, 0x000000071ce00000|  0%| F|  |TAMS 0x000000071cc00000, 0x000000071cc00000| Untracked 
|  18|0x000000071ce00000, 0x000000071ce00000, 0x000000071d000000|  0%| F|  |TAMS 0x000000071ce00000, 0x000000071ce00000| Untracked 
|  19|0x000000071d000000, 0x000000071d000000, 0x000000071d200000|  0%| F|  |TAMS 0x000000071d000000, 0x000000071d000000| Untracked 
|  20|0x000000071d200000, 0x000000071d200000, 0x000000071d400000|  0%| F|  |TAMS 0x000000071d200000, 0x000000071d200000| Untracked 
|  21|0x000000071d400000, 0x000000071d400000, 0x000000071d600000|  0%| F|  |TAMS 0x000000071d400000, 0x000000071d400000| Untracked 
|  22|0x000000071d600000, 0x000000071d600000, 0x000000071d800000|  0%| F|  |TAMS 0x000000071d600000, 0x000000071d600000| Untracked 
|  23|0x000000071d800000, 0x000000071d800000, 0x000000071da00000|  0%| F|  |TAMS 0x000000071d800000, 0x000000071d800000| Untracked 
|  24|0x000000071da00000, 0x000000071da00000, 0x000000071dc00000|  0%| F|  |TAMS 0x000000071da00000, 0x000000071da00000| Untracked 
|  25|0x000000071dc00000, 0x000000071dc00000, 0x000000071de00000|  0%| F|  |TAMS 0x000000071dc00000, 0x000000071dc00000| Untracked 
|  26|0x000000071de00000, 0x000000071de00000, 0x000000071e000000|  0%| F|  |TAMS 0x000000071de00000, 0x000000071de00000| Untracked 
|  27|0x000000071e000000, 0x000000071e000000, 0x000000071e200000|  0%| F|  |TAMS 0x000000071e000000, 0x000000071e000000| Untracked 
|  28|0x000000071e200000, 0x000000071e200000, 0x000000071e400000|  0%| F|  |TAMS 0x000000071e200000, 0x000000071e200000| Untracked 
|  29|0x000000071e400000, 0x000000071e400000, 0x000000071e600000|  0%| F|  |TAMS 0x000000071e400000, 0x000000071e400000| Untracked 
|  30|0x000000071e600000, 0x000000071e600000, 0x000000071e800000|  0%| F|  |TAMS 0x000000071e600000, 0x000000071e600000| Untracked 
|  31|0x000000071e800000, 0x000000071e800000, 0x000000071ea00000|  0%| F|  |TAMS 0x000000071e800000, 0x000000071e800000| Untracked 
|  32|0x000000071ea00000, 0x000000071ea00000, 0x000000071ec00000|  0%| F|  |TAMS 0x000000071ea00000, 0x000000071ea00000| Untracked 
|  33|0x000000071ec00000, 0x000000071ec00000, 0x000000071ee00000|  0%| F|  |TAMS 0x000000071ec00000, 0x000000071ec00000| Untracked 
|  34|0x000000071ee00000, 0x000000071ee00000, 0x000000071f000000|  0%| F|  |TAMS 0x000000071ee00000, 0x000000071ee00000| Untracked 
|  35|0x000000071f000000, 0x000000071f000000, 0x000000071f200000|  0%| F|  |TAMS 0x000000071f000000, 0x000000071f000000| Untracked 
|  36|0x000000071f200000, 0x000000071f200000, 0x000000071f400000|  0%| F|  |TAMS 0x000000071f200000, 0x000000071f200000| Untracked 
|  37|0x000000071f400000, 0x000000071f400000, 0x000000071f600000|  0%| F|  |TAMS 0x000000071f400000, 0x000000071f400000| Untracked 
|  38|0x000000071f600000, 0x000000071f600000, 0x000000071f800000|  0%| F|  |TAMS 0x000000071f600000, 0x000000071f600000| Untracked 
|  39|0x000000071f800000, 0x000000071f800000, 0x000000071fa00000|  0%| F|  |TAMS 0x000000071f800000, 0x000000071f800000| Untracked 
|  40|0x000000071fa00000, 0x000000071fa00000, 0x000000071fc00000|  0%| F|  |TAMS 0x000000071fa00000, 0x000000071fa00000| Untracked 
|  41|0x000000071fc00000, 0x000000071fc00000, 0x000000071fe00000|  0%| F|  |TAMS 0x000000071fc00000, 0x000000071fc00000| Untracked 
|  42|0x000000071fe00000, 0x000000071fe00000, 0x0000000720000000|  0%| F|  |TAMS 0x000000071fe00000, 0x000000071fe00000| Untracked 
|  43|0x0000000720000000, 0x0000000720000000, 0x0000000720200000|  0%| F|  |TAMS 0x0000000720000000, 0x0000000720000000| Untracked 
|  44|0x0000000720200000, 0x0000000720200000, 0x0000000720400000|  0%| F|  |TAMS 0x0000000720200000, 0x0000000720200000| Untracked 
|  45|0x0000000720400000, 0x0000000720400000, 0x0000000720600000|  0%| F|  |TAMS 0x0000000720400000, 0x0000000720400000| Untracked 
|  46|0x0000000720600000, 0x0000000720600000, 0x0000000720800000|  0%| F|  |TAMS 0x0000000720600000, 0x0000000720600000| Untracked 
|  47|0x0000000720800000, 0x0000000720800000, 0x0000000720a00000|  0%| F|  |TAMS 0x0000000720800000, 0x0000000720800000| Untracked 
|  48|0x0000000720a00000, 0x0000000720a00000, 0x0000000720c00000|  0%| F|  |TAMS 0x0000000720a00000, 0x0000000720a00000| Untracked 
|  49|0x0000000720c00000, 0x0000000720c00000, 0x0000000720e00000|  0%| F|  |TAMS 0x0000000720c00000, 0x0000000720c00000| Untracked 
|  50|0x0000000720e00000, 0x0000000720e00000, 0x0000000721000000|  0%| F|  |TAMS 0x0000000720e00000, 0x0000000720e00000| Untracked 
|  51|0x0000000721000000, 0x0000000721000000, 0x0000000721200000|  0%| F|  |TAMS 0x0000000721000000, 0x0000000721000000| Untracked 
|  52|0x0000000721200000, 0x0000000721200000, 0x0000000721400000|  0%| F|  |TAMS 0x0000000721200000, 0x0000000721200000| Untracked 
|  53|0x0000000721400000, 0x0000000721400000, 0x0000000721600000|  0%| F|  |TAMS 0x0000000721400000, 0x0000000721400000| Untracked 
|  54|0x0000000721600000, 0x0000000721600000, 0x0000000721800000|  0%| F|  |TAMS 0x0000000721600000, 0x0000000721600000| Untracked 
|  55|0x0000000721800000, 0x0000000721800000, 0x0000000721a00000|  0%| F|  |TAMS 0x0000000721800000, 0x0000000721800000| Untracked 
|  56|0x0000000721a00000, 0x0000000721a00000, 0x0000000721c00000|  0%| F|  |TAMS 0x0000000721a00000, 0x0000000721a00000| Untracked 
|  57|0x0000000721c00000, 0x0000000721c00000, 0x0000000721e00000|  0%| F|  |TAMS 0x0000000721c00000, 0x0000000721c00000| Untracked 
|  58|0x0000000721e00000, 0x0000000721e00000, 0x0000000722000000|  0%| F|  |TAMS 0x0000000721e00000, 0x0000000721e00000| Untracked 
|  59|0x0000000722000000, 0x0000000722000000, 0x0000000722200000|  0%| F|  |TAMS 0x0000000722000000, 0x0000000722000000| Untracked 
|  60|0x0000000722200000, 0x0000000722200000, 0x0000000722400000|  0%| F|  |TAMS 0x0000000722200000, 0x0000000722200000| Untracked 
|  61|0x0000000722400000, 0x0000000722400000, 0x0000000722600000|  0%| F|  |TAMS 0x0000000722400000, 0x0000000722400000| Untracked 
|  62|0x0000000722600000, 0x0000000722600000, 0x0000000722800000|  0%| F|  |TAMS 0x0000000722600000, 0x0000000722600000| Untracked 
|  63|0x0000000722800000, 0x0000000722800000, 0x0000000722a00000|  0%| F|  |TAMS 0x0000000722800000, 0x0000000722800000| Untracked 
|  64|0x0000000722a00000, 0x0000000722a00000, 0x0000000722c00000|  0%| F|  |TAMS 0x0000000722a00000, 0x0000000722a00000| Untracked 
|  65|0x0000000722c00000, 0x0000000722c00000, 0x0000000722e00000|  0%| F|  |TAMS 0x0000000722c00000, 0x0000000722c00000| Untracked 
|  66|0x0000000722e00000, 0x0000000722e00000, 0x0000000723000000|  0%| F|  |TAMS 0x0000000722e00000, 0x0000000722e00000| Untracked 
|  67|0x0000000723000000, 0x0000000723000000, 0x0000000723200000|  0%| F|  |TAMS 0x0000000723000000, 0x0000000723000000| Untracked 
|  68|0x0000000723200000, 0x0000000723200000, 0x0000000723400000|  0%| F|  |TAMS 0x0000000723200000, 0x0000000723200000| Untracked 
|  69|0x0000000723400000, 0x0000000723400000, 0x0000000723600000|  0%| F|  |TAMS 0x0000000723400000, 0x0000000723400000| Untracked 
|  70|0x0000000723600000, 0x0000000723600000, 0x0000000723800000|  0%| F|  |TAMS 0x0000000723600000, 0x0000000723600000| Untracked 
|  71|0x0000000723800000, 0x0000000723800000, 0x0000000723a00000|  0%| F|  |TAMS 0x0000000723800000, 0x0000000723800000| Untracked 
|  72|0x0000000723a00000, 0x0000000723a00000, 0x0000000723c00000|  0%| F|  |TAMS 0x0000000723a00000, 0x0000000723a00000| Untracked 
|  73|0x0000000723c00000, 0x0000000723c00000, 0x0000000723e00000|  0%| F|  |TAMS 0x0000000723c00000, 0x0000000723c00000| Untracked 
|  74|0x0000000723e00000, 0x0000000723e00000, 0x0000000724000000|  0%| F|  |TAMS 0x0000000723e00000, 0x0000000723e00000| Untracked 
|  75|0x0000000724000000, 0x0000000724000000, 0x0000000724200000|  0%| F|  |TAMS 0x0000000724000000, 0x0000000724000000| Untracked 
|  76|0x0000000724200000, 0x0000000724200000, 0x0000000724400000|  0%| F|  |TAMS 0x0000000724200000, 0x0000000724200000| Untracked 
|  77|0x0000000724400000, 0x0000000724400000, 0x0000000724600000|  0%| F|  |TAMS 0x0000000724400000, 0x0000000724400000| Untracked 
|  78|0x0000000724600000, 0x0000000724600000, 0x0000000724800000|  0%| F|  |TAMS 0x0000000724600000, 0x0000000724600000| Untracked 
|  79|0x0000000724800000, 0x0000000724800000, 0x0000000724a00000|  0%| F|  |TAMS 0x0000000724800000, 0x0000000724800000| Untracked 
|  80|0x0000000724a00000, 0x0000000724a00000, 0x0000000724c00000|  0%| F|  |TAMS 0x0000000724a00000, 0x0000000724a00000| Untracked 
|  81|0x0000000724c00000, 0x0000000724c00000, 0x0000000724e00000|  0%| F|  |TAMS 0x0000000724c00000, 0x0000000724c00000| Untracked 
|  82|0x0000000724e00000, 0x0000000724e00000, 0x0000000725000000|  0%| F|  |TAMS 0x0000000724e00000, 0x0000000724e00000| Untracked 
|  83|0x0000000725000000, 0x0000000725000000, 0x0000000725200000|  0%| F|  |TAMS 0x0000000725000000, 0x0000000725000000| Untracked 
|  84|0x0000000725200000, 0x0000000725200000, 0x0000000725400000|  0%| F|  |TAMS 0x0000000725200000, 0x0000000725200000| Untracked 
|  85|0x0000000725400000, 0x0000000725400000, 0x0000000725600000|  0%| F|  |TAMS 0x0000000725400000, 0x0000000725400000| Untracked 
|  86|0x0000000725600000, 0x0000000725600000, 0x0000000725800000|  0%| F|  |TAMS 0x0000000725600000, 0x0000000725600000| Untracked 
|  87|0x0000000725800000, 0x0000000725800000, 0x0000000725a00000|  0%| F|  |TAMS 0x0000000725800000, 0x0000000725800000| Untracked 
|  88|0x0000000725a00000, 0x0000000725a00000, 0x0000000725c00000|  0%| F|  |TAMS 0x0000000725a00000, 0x0000000725a00000| Untracked 
|  89|0x0000000725c00000, 0x0000000725c00000, 0x0000000725e00000|  0%| F|  |TAMS 0x0000000725c00000, 0x0000000725c00000| Untracked 
|  90|0x0000000725e00000, 0x0000000725e00000, 0x0000000726000000|  0%| F|  |TAMS 0x0000000725e00000, 0x0000000725e00000| Untracked 
|  91|0x0000000726000000, 0x0000000726000000, 0x0000000726200000|  0%| F|  |TAMS 0x0000000726000000, 0x0000000726000000| Untracked 
|  92|0x0000000726200000, 0x0000000726200000, 0x0000000726400000|  0%| F|  |TAMS 0x0000000726200000, 0x0000000726200000| Untracked 
|  93|0x0000000726400000, 0x0000000726400000, 0x0000000726600000|  0%| F|  |TAMS 0x0000000726400000, 0x0000000726400000| Untracked 
|  94|0x0000000726600000, 0x0000000726600000, 0x0000000726800000|  0%| F|  |TAMS 0x0000000726600000, 0x0000000726600000| Untracked 
|  95|0x0000000726800000, 0x0000000726800000, 0x0000000726a00000|  0%| F|  |TAMS 0x0000000726800000, 0x0000000726800000| Untracked 
|  96|0x0000000726a00000, 0x0000000726a00000, 0x0000000726c00000|  0%| F|  |TAMS 0x0000000726a00000, 0x0000000726a00000| Untracked 
|  97|0x0000000726c00000, 0x0000000726c00000, 0x0000000726e00000|  0%| F|  |TAMS 0x0000000726c00000, 0x0000000726c00000| Untracked 
|  98|0x0000000726e00000, 0x0000000726e00000, 0x0000000727000000|  0%| F|  |TAMS 0x0000000726e00000, 0x0000000726e00000| Untracked 
|  99|0x0000000727000000, 0x0000000727000000, 0x0000000727200000|  0%| F|  |TAMS 0x0000000727000000, 0x0000000727000000| Untracked 
| 100|0x0000000727200000, 0x0000000727200000, 0x0000000727400000|  0%| F|  |TAMS 0x0000000727200000, 0x0000000727200000| Untracked 
| 101|0x0000000727400000, 0x0000000727400000, 0x0000000727600000|  0%| F|  |TAMS 0x0000000727400000, 0x0000000727400000| Untracked 
| 102|0x0000000727600000, 0x0000000727600000, 0x0000000727800000|  0%| F|  |TAMS 0x0000000727600000, 0x0000000727600000| Untracked 
| 103|0x0000000727800000, 0x0000000727800000, 0x0000000727a00000|  0%| F|  |TAMS 0x0000000727800000, 0x0000000727800000| Untracked 
| 104|0x0000000727a00000, 0x0000000727a00000, 0x0000000727c00000|  0%| F|  |TAMS 0x0000000727a00000, 0x0000000727a00000| Untracked 
| 105|0x0000000727c00000, 0x0000000727c00000, 0x0000000727e00000|  0%| F|  |TAMS 0x0000000727c00000, 0x0000000727c00000| Untracked 
| 106|0x0000000727e00000, 0x0000000727e00000, 0x0000000728000000|  0%| F|  |TAMS 0x0000000727e00000, 0x0000000727e00000| Untracked 
| 107|0x0000000728000000, 0x0000000728000000, 0x0000000728200000|  0%| F|  |TAMS 0x0000000728000000, 0x0000000728000000| Untracked 
| 108|0x0000000728200000, 0x0000000728200000, 0x0000000728400000|  0%| F|  |TAMS 0x0000000728200000, 0x0000000728200000| Untracked 
| 109|0x0000000728400000, 0x0000000728400000, 0x0000000728600000|  0%| F|  |TAMS 0x0000000728400000, 0x0000000728400000| Untracked 
| 110|0x0000000728600000, 0x0000000728600000, 0x0000000728800000|  0%| F|  |TAMS 0x0000000728600000, 0x0000000728600000| Untracked 
| 111|0x0000000728800000, 0x0000000728800000, 0x0000000728a00000|  0%| F|  |TAMS 0x0000000728800000, 0x0000000728800000| Untracked 
| 112|0x0000000728a00000, 0x0000000728a00000, 0x0000000728c00000|  0%| F|  |TAMS 0x0000000728a00000, 0x0000000728a00000| Untracked 
| 113|0x0000000728c00000, 0x0000000728c7ccb0, 0x0000000728e00000| 24%| S|CS|TAMS 0x0000000728c00000, 0x0000000728c00000| Complete 
| 114|0x0000000728e00000, 0x0000000729000000, 0x0000000729000000|100%|HS|  |TAMS 0x0000000728e00000, 0x0000000728e00000| Complete 
| 115|0x0000000729000000, 0x0000000729200000, 0x0000000729200000|100%|HC|  |TAMS 0x0000000729000000, 0x0000000729000000| Complete 
| 116|0x0000000729200000, 0x0000000729400000, 0x0000000729400000|100%|HC|  |TAMS 0x0000000729200000, 0x0000000729200000| Complete 
| 117|0x0000000729400000, 0x0000000729600000, 0x0000000729600000|100%|HC|  |TAMS 0x0000000729400000, 0x0000000729400000| Complete 
| 118|0x0000000729600000, 0x0000000729800000, 0x0000000729800000|100%|HC|  |TAMS 0x0000000729600000, 0x0000000729600000| Complete 
| 119|0x0000000729800000, 0x0000000729a00000, 0x0000000729a00000|100%|HC|  |TAMS 0x0000000729800000, 0x0000000729800000| Complete 
| 120|0x0000000729a00000, 0x0000000729c00000, 0x0000000729c00000|100%|HC|  |TAMS 0x0000000729a00000, 0x0000000729a00000| Complete 
| 121|0x0000000729c00000, 0x0000000729e00000, 0x0000000729e00000|100%|HC|  |TAMS 0x0000000729c00000, 0x0000000729c00000| Complete 
| 122|0x0000000729e00000, 0x000000072a000000, 0x000000072a000000|100%|HC|  |TAMS 0x0000000729e00000, 0x0000000729e00000| Complete 
| 123|0x000000072a000000, 0x000000072a200000, 0x000000072a200000|100%|HC|  |TAMS 0x000000072a000000, 0x000000072a000000| Complete 
| 124|0x000000072a200000, 0x000000072a400000, 0x000000072a400000|100%|HC|  |TAMS 0x000000072a200000, 0x000000072a200000| Complete 
| 125|0x000000072a400000, 0x000000072a600000, 0x000000072a600000|100%|HC|  |TAMS 0x000000072a400000, 0x000000072a400000| Complete 
| 126|0x000000072a600000, 0x000000072a800000, 0x000000072a800000|100%|HC|  |TAMS 0x000000072a600000, 0x000000072a600000| Complete 
| 127|0x000000072a800000, 0x000000072aa00000, 0x000000072aa00000|100%|HC|  |TAMS 0x000000072a800000, 0x000000072a800000| Complete 
| 128|0x000000072aa00000, 0x000000072ac00000, 0x000000072ac00000|100%|HC|  |TAMS 0x000000072aa00000, 0x000000072aa00000| Complete 
| 129|0x000000072ac00000, 0x000000072ae00000, 0x000000072ae00000|100%|HC|  |TAMS 0x000000072ac00000, 0x000000072ac00000| Complete 
| 130|0x000000072ae00000, 0x000000072b000000, 0x000000072b000000|100%|HC|  |TAMS 0x000000072ae00000, 0x000000072ae00000| Complete 
| 131|0x000000072b000000, 0x000000072b200000, 0x000000072b200000|100%|HC|  |TAMS 0x000000072b000000, 0x000000072b000000| Complete 
| 132|0x000000072b200000, 0x000000072b400000, 0x000000072b400000|100%|HC|  |TAMS 0x000000072b200000, 0x000000072b200000| Complete 
| 133|0x000000072b400000, 0x000000072b600000, 0x000000072b600000|100%|HC|  |TAMS 0x000000072b400000, 0x000000072b400000| Complete 
| 134|0x000000072b600000, 0x000000072b800000, 0x000000072b800000|100%|HC|  |TAMS 0x000000072b600000, 0x000000072b600000| Complete 
| 135|0x000000072b800000, 0x000000072ba00000, 0x000000072ba00000|100%|HC|  |TAMS 0x000000072b800000, 0x000000072b800000| Complete 
| 136|0x000000072ba00000, 0x000000072bc00000, 0x000000072bc00000|100%|HC|  |TAMS 0x000000072ba00000, 0x000000072ba00000| Complete 
| 137|0x000000072bc00000, 0x000000072be00000, 0x000000072be00000|100%|HC|  |TAMS 0x000000072bc00000, 0x000000072bc00000| Complete 
| 138|0x000000072be00000, 0x000000072c000000, 0x000000072c000000|100%|HC|  |TAMS 0x000000072be00000, 0x000000072be00000| Complete 
| 139|0x000000072c000000, 0x000000072c200000, 0x000000072c200000|100%|HC|  |TAMS 0x000000072c000000, 0x000000072c000000| Complete 
| 140|0x000000072c200000, 0x000000072c400000, 0x000000072c400000|100%|HC|  |TAMS 0x000000072c200000, 0x000000072c200000| Complete 
| 141|0x000000072c400000, 0x000000072c600000, 0x000000072c600000|100%|HC|  |TAMS 0x000000072c400000, 0x000000072c400000| Complete 
| 142|0x000000072c600000, 0x000000072c800000, 0x000000072c800000|100%|HC|  |TAMS 0x000000072c600000, 0x000000072c600000| Complete 
| 143|0x000000072c800000, 0x000000072ca00000, 0x000000072ca00000|100%|HC|  |TAMS 0x000000072c800000, 0x000000072c800000| Complete 
| 144|0x000000072ca00000, 0x000000072cc00000, 0x000000072cc00000|100%|HC|  |TAMS 0x000000072ca00000, 0x000000072ca00000| Complete 
| 145|0x000000072cc00000, 0x000000072ce00000, 0x000000072ce00000|100%|HC|  |TAMS 0x000000072cc00000, 0x000000072cc00000| Complete 
| 146|0x000000072ce00000, 0x000000072d000000, 0x000000072d000000|100%|HC|  |TAMS 0x000000072ce00000, 0x000000072ce00000| Complete 
| 147|0x000000072d000000, 0x000000072d200000, 0x000000072d200000|100%|HC|  |TAMS 0x000000072d000000, 0x000000072d000000| Complete 
| 148|0x000000072d200000, 0x000000072d400000, 0x000000072d400000|100%|HC|  |TAMS 0x000000072d200000, 0x000000072d200000| Complete 
| 149|0x000000072d400000, 0x000000072d600000, 0x000000072d600000|100%|HC|  |TAMS 0x000000072d400000, 0x000000072d400000| Complete 
| 150|0x000000072d600000, 0x000000072d800000, 0x000000072d800000|100%|HC|  |TAMS 0x000000072d600000, 0x000000072d600000| Complete 
| 151|0x000000072d800000, 0x000000072da00000, 0x000000072da00000|100%|HC|  |TAMS 0x000000072d800000, 0x000000072d800000| Complete 
| 152|0x000000072da00000, 0x000000072dc00000, 0x000000072dc00000|100%|HC|  |TAMS 0x000000072da00000, 0x000000072da00000| Complete 
| 153|0x000000072dc00000, 0x000000072de00000, 0x000000072de00000|100%|HC|  |TAMS 0x000000072dc00000, 0x000000072dc00000| Complete 
| 154|0x000000072de00000, 0x000000072e000000, 0x000000072e000000|100%|HC|  |TAMS 0x000000072de00000, 0x000000072de00000| Complete 
| 155|0x000000072e000000, 0x000000072e200000, 0x000000072e200000|100%|HC|  |TAMS 0x000000072e000000, 0x000000072e000000| Complete 
| 156|0x000000072e200000, 0x000000072e400000, 0x000000072e400000|100%|HC|  |TAMS 0x000000072e200000, 0x000000072e200000| Complete 
| 157|0x000000072e400000, 0x000000072e600000, 0x000000072e600000|100%|HC|  |TAMS 0x000000072e400000, 0x000000072e400000| Complete 
| 158|0x000000072e600000, 0x000000072e800000, 0x000000072e800000|100%|HC|  |TAMS 0x000000072e600000, 0x000000072e600000| Complete 
| 159|0x000000072e800000, 0x000000072ea00000, 0x000000072ea00000|100%|HC|  |TAMS 0x000000072e800000, 0x000000072e800000| Complete 
| 160|0x000000072ea00000, 0x000000072ec00000, 0x000000072ec00000|100%|HC|  |TAMS 0x000000072ea00000, 0x000000072ea00000| Complete 
| 161|0x000000072ec00000, 0x000000072ee00000, 0x000000072ee00000|100%|HC|  |TAMS 0x000000072ec00000, 0x000000072ec00000| Complete 
| 162|0x000000072ee00000, 0x000000072f000000, 0x000000072f000000|100%|HC|  |TAMS 0x000000072ee00000, 0x000000072ee00000| Complete 
| 163|0x000000072f000000, 0x000000072f200000, 0x000000072f200000|100%|HC|  |TAMS 0x000000072f000000, 0x000000072f000000| Complete 
| 164|0x000000072f200000, 0x000000072f400000, 0x000000072f400000|100%|HC|  |TAMS 0x000000072f200000, 0x000000072f200000| Complete 
| 165|0x000000072f400000, 0x000000072f600000, 0x000000072f600000|100%|HC|  |TAMS 0x000000072f400000, 0x000000072f400000| Complete 
| 166|0x000000072f600000, 0x000000072f800000, 0x000000072f800000|100%|HC|  |TAMS 0x000000072f600000, 0x000000072f600000| Complete 
| 167|0x000000072f800000, 0x000000072fa00000, 0x000000072fa00000|100%|HC|  |TAMS 0x000000072f800000, 0x000000072f800000| Complete 
| 168|0x000000072fa00000, 0x000000072fc00000, 0x000000072fc00000|100%|HC|  |TAMS 0x000000072fa00000, 0x000000072fa00000| Complete 
| 169|0x000000072fc00000, 0x000000072fe00000, 0x000000072fe00000|100%|HC|  |TAMS 0x000000072fc00000, 0x000000072fc00000| Complete 
| 170|0x000000072fe00000, 0x0000000730000000, 0x0000000730000000|100%|HC|  |TAMS 0x000000072fe00000, 0x000000072fe00000| Complete 
| 171|0x0000000730000000, 0x0000000730200000, 0x0000000730200000|100%|HC|  |TAMS 0x0000000730000000, 0x0000000730000000| Complete 
| 172|0x0000000730200000, 0x0000000730400000, 0x0000000730400000|100%|HC|  |TAMS 0x0000000730200000, 0x0000000730200000| Complete 
| 173|0x0000000730400000, 0x0000000730600000, 0x0000000730600000|100%|HC|  |TAMS 0x0000000730400000, 0x0000000730400000| Complete 
| 174|0x0000000730600000, 0x0000000730800000, 0x0000000730800000|100%|HC|  |TAMS 0x0000000730600000, 0x0000000730600000| Complete 
| 175|0x0000000730800000, 0x0000000730a00000, 0x0000000730a00000|100%|HC|  |TAMS 0x0000000730800000, 0x0000000730800000| Complete 
| 176|0x0000000730a00000, 0x0000000730c00000, 0x0000000730c00000|100%|HC|  |TAMS 0x0000000730a00000, 0x0000000730a00000| Complete 
| 177|0x0000000730c00000, 0x0000000730e00000, 0x0000000730e00000|100%|HC|  |TAMS 0x0000000730c00000, 0x0000000730c00000| Complete 
| 178|0x0000000730e00000, 0x0000000731000000, 0x0000000731000000|100%|HC|  |TAMS 0x0000000730e00000, 0x0000000730e00000| Complete 
| 179|0x0000000731000000, 0x0000000731200000, 0x0000000731200000|100%|HC|  |TAMS 0x0000000731000000, 0x0000000731000000| Complete 
| 180|0x0000000731200000, 0x0000000731400000, 0x0000000731400000|100%|HC|  |TAMS 0x0000000731200000, 0x0000000731200000| Complete 
| 181|0x0000000731400000, 0x0000000731600000, 0x0000000731600000|100%|HC|  |TAMS 0x0000000731400000, 0x0000000731400000| Complete 
| 182|0x0000000731600000, 0x0000000731800000, 0x0000000731800000|100%|HC|  |TAMS 0x0000000731600000, 0x0000000731600000| Complete 
| 183|0x0000000731800000, 0x0000000731a00000, 0x0000000731a00000|100%|HC|  |TAMS 0x0000000731800000, 0x0000000731800000| Complete 
| 184|0x0000000731a00000, 0x0000000731c00000, 0x0000000731c00000|100%|HC|  |TAMS 0x0000000731a00000, 0x0000000731a00000| Complete 
| 185|0x0000000731c00000, 0x0000000731e00000, 0x0000000731e00000|100%|HC|  |TAMS 0x0000000731c00000, 0x0000000731c00000| Complete 
| 186|0x0000000731e00000, 0x0000000732000000, 0x0000000732000000|100%|HC|  |TAMS 0x0000000731e00000, 0x0000000731e00000| Complete 
| 187|0x0000000732000000, 0x0000000732200000, 0x0000000732200000|100%|HC|  |TAMS 0x0000000732000000, 0x0000000732000000| Complete 
| 188|0x0000000732200000, 0x0000000732400000, 0x0000000732400000|100%|HC|  |TAMS 0x0000000732200000, 0x0000000732200000| Complete 
| 189|0x0000000732400000, 0x0000000732600000, 0x0000000732600000|100%|HC|  |TAMS 0x0000000732400000, 0x0000000732400000| Complete 
| 190|0x0000000732600000, 0x0000000732800000, 0x0000000732800000|100%|HC|  |TAMS 0x0000000732600000, 0x0000000732600000| Complete 
| 191|0x0000000732800000, 0x0000000732a00000, 0x0000000732a00000|100%|HC|  |TAMS 0x0000000732800000, 0x0000000732800000| Complete 
| 192|0x0000000732a00000, 0x0000000732c00000, 0x0000000732c00000|100%|HC|  |TAMS 0x0000000732a00000, 0x0000000732a00000| Complete 
| 193|0x0000000732c00000, 0x0000000732e00000, 0x0000000732e00000|100%|HC|  |TAMS 0x0000000732c00000, 0x0000000732c00000| Complete 
| 194|0x0000000732e00000, 0x0000000733000000, 0x0000000733000000|100%|HC|  |TAMS 0x0000000732e00000, 0x0000000732e00000| Complete 
| 195|0x0000000733000000, 0x0000000733200000, 0x0000000733200000|100%|HC|  |TAMS 0x0000000733000000, 0x0000000733000000| Complete 
| 196|0x0000000733200000, 0x0000000733400000, 0x0000000733400000|100%|HC|  |TAMS 0x0000000733200000, 0x0000000733200000| Complete 
| 197|0x0000000733400000, 0x0000000733600000, 0x0000000733600000|100%|HC|  |TAMS 0x0000000733400000, 0x0000000733400000| Complete 
| 198|0x0000000733600000, 0x0000000733800000, 0x0000000733800000|100%|HC|  |TAMS 0x0000000733600000, 0x0000000733600000| Complete 
| 199|0x0000000733800000, 0x0000000733a00000, 0x0000000733a00000|100%|HC|  |TAMS 0x0000000733800000, 0x0000000733800000| Complete 
| 200|0x0000000733a00000, 0x0000000733c00000, 0x0000000733c00000|100%|HC|  |TAMS 0x0000000733a00000, 0x0000000733a00000| Complete 
| 201|0x0000000733c00000, 0x0000000733e00000, 0x0000000733e00000|100%|HC|  |TAMS 0x0000000733c00000, 0x0000000733c00000| Complete 
| 202|0x0000000733e00000, 0x0000000734000000, 0x0000000734000000|100%|HC|  |TAMS 0x0000000733e00000, 0x0000000733e00000| Complete 
| 203|0x0000000734000000, 0x0000000734200000, 0x0000000734200000|100%|HC|  |TAMS 0x0000000734000000, 0x0000000734000000| Complete 
| 204|0x0000000734200000, 0x0000000734400000, 0x0000000734400000|100%|HC|  |TAMS 0x0000000734200000, 0x0000000734200000| Complete 
| 205|0x0000000734400000, 0x0000000734600000, 0x0000000734600000|100%|HC|  |TAMS 0x0000000734400000, 0x0000000734400000| Complete 
| 206|0x0000000734600000, 0x0000000734800000, 0x0000000734800000|100%|HC|  |TAMS 0x0000000734600000, 0x0000000734600000| Complete 
| 207|0x0000000734800000, 0x0000000734a00000, 0x0000000734a00000|100%|HC|  |TAMS 0x0000000734800000, 0x0000000734800000| Complete 
| 208|0x0000000734a00000, 0x0000000734c00000, 0x0000000734c00000|100%|HC|  |TAMS 0x0000000734a00000, 0x0000000734a00000| Complete 
| 209|0x0000000734c00000, 0x0000000734e00000, 0x0000000734e00000|100%|HC|  |TAMS 0x0000000734c00000, 0x0000000734c00000| Complete 
| 210|0x0000000734e00000, 0x0000000735000000, 0x0000000735000000|100%|HC|  |TAMS 0x0000000734e00000, 0x0000000734e00000| Complete 
| 211|0x0000000735000000, 0x0000000735200000, 0x0000000735200000|100%|HC|  |TAMS 0x0000000735000000, 0x0000000735000000| Complete 
| 212|0x0000000735200000, 0x0000000735400000, 0x0000000735400000|100%|HC|  |TAMS 0x0000000735200000, 0x0000000735200000| Complete 
| 213|0x0000000735400000, 0x0000000735600000, 0x0000000735600000|100%|HC|  |TAMS 0x0000000735400000, 0x0000000735400000| Complete 
| 214|0x0000000735600000, 0x0000000735800000, 0x0000000735800000|100%|HC|  |TAMS 0x0000000735600000, 0x0000000735600000| Complete 
| 215|0x0000000735800000, 0x0000000735a00000, 0x0000000735a00000|100%|HC|  |TAMS 0x0000000735800000, 0x0000000735800000| Complete 
| 216|0x0000000735a00000, 0x0000000735c00000, 0x0000000735c00000|100%|HC|  |TAMS 0x0000000735a00000, 0x0000000735a00000| Complete 
| 217|0x0000000735c00000, 0x0000000735e00000, 0x0000000735e00000|100%|HC|  |TAMS 0x0000000735c00000, 0x0000000735c00000| Complete 
| 218|0x0000000735e00000, 0x0000000736000000, 0x0000000736000000|100%|HC|  |TAMS 0x0000000735e00000, 0x0000000735e00000| Complete 
| 219|0x0000000736000000, 0x0000000736200000, 0x0000000736200000|100%|HC|  |TAMS 0x0000000736000000, 0x0000000736000000| Complete 
| 220|0x0000000736200000, 0x0000000736400000, 0x0000000736400000|100%|HC|  |TAMS 0x0000000736200000, 0x0000000736200000| Complete 
| 221|0x0000000736400000, 0x0000000736600000, 0x0000000736600000|100%|HC|  |TAMS 0x0000000736400000, 0x0000000736400000| Complete 
| 222|0x0000000736600000, 0x0000000736800000, 0x0000000736800000|100%|HC|  |TAMS 0x0000000736600000, 0x0000000736600000| Complete 
| 223|0x0000000736800000, 0x0000000736a00000, 0x0000000736a00000|100%|HC|  |TAMS 0x0000000736800000, 0x0000000736800000| Complete 
| 224|0x0000000736a00000, 0x0000000736c00000, 0x0000000736c00000|100%|HC|  |TAMS 0x0000000736a00000, 0x0000000736a00000| Complete 
| 225|0x0000000736c00000, 0x0000000736e00000, 0x0000000736e00000|100%|HC|  |TAMS 0x0000000736c00000, 0x0000000736c00000| Complete 
| 226|0x0000000736e00000, 0x0000000737000000, 0x0000000737000000|100%|HC|  |TAMS 0x0000000736e00000, 0x0000000736e00000| Complete 
| 227|0x0000000737000000, 0x0000000737200000, 0x0000000737200000|100%|HC|  |TAMS 0x0000000737000000, 0x0000000737000000| Complete 
| 228|0x0000000737200000, 0x0000000737400000, 0x0000000737400000|100%|HC|  |TAMS 0x0000000737200000, 0x0000000737200000| Complete 
| 229|0x0000000737400000, 0x0000000737600000, 0x0000000737600000|100%|HC|  |TAMS 0x0000000737400000, 0x0000000737400000| Complete 
| 230|0x0000000737600000, 0x0000000737800000, 0x0000000737800000|100%|HC|  |TAMS 0x0000000737600000, 0x0000000737600000| Complete 
| 231|0x0000000737800000, 0x0000000737a00000, 0x0000000737a00000|100%|HC|  |TAMS 0x0000000737800000, 0x0000000737800000| Complete 
| 232|0x0000000737a00000, 0x0000000737c00000, 0x0000000737c00000|100%|HC|  |TAMS 0x0000000737a00000, 0x0000000737a00000| Complete 
| 233|0x0000000737c00000, 0x0000000737e00000, 0x0000000737e00000|100%|HC|  |TAMS 0x0000000737c00000, 0x0000000737c00000| Complete 
| 234|0x0000000737e00000, 0x0000000738000000, 0x0000000738000000|100%|HC|  |TAMS 0x0000000737e00000, 0x0000000737e00000| Complete 
| 235|0x0000000738000000, 0x0000000738200000, 0x0000000738200000|100%|HC|  |TAMS 0x0000000738000000, 0x0000000738000000| Complete 
| 236|0x0000000738200000, 0x0000000738400000, 0x0000000738400000|100%|HC|  |TAMS 0x0000000738200000, 0x0000000738200000| Complete 
| 237|0x0000000738400000, 0x0000000738600000, 0x0000000738600000|100%|HC|  |TAMS 0x0000000738400000, 0x0000000738400000| Complete 
| 238|0x0000000738600000, 0x0000000738800000, 0x0000000738800000|100%|HC|  |TAMS 0x0000000738600000, 0x0000000738600000| Complete 
| 239|0x0000000738800000, 0x0000000738a00000, 0x0000000738a00000|100%|HC|  |TAMS 0x0000000738800000, 0x0000000738800000| Complete 
| 240|0x0000000738a00000, 0x0000000738c00000, 0x0000000738c00000|100%|HC|  |TAMS 0x0000000738a00000, 0x0000000738a00000| Complete 
| 241|0x0000000738c00000, 0x0000000738e00000, 0x0000000738e00000|100%|HC|  |TAMS 0x0000000738c00000, 0x0000000738c00000| Complete 
| 242|0x0000000738e00000, 0x0000000739000000, 0x0000000739000000|100%|HC|  |TAMS 0x0000000738e00000, 0x0000000738e00000| Complete 
| 243|0x0000000739000000, 0x0000000739200000, 0x0000000739200000|100%|HC|  |TAMS 0x0000000739000000, 0x0000000739000000| Complete 
| 244|0x0000000739200000, 0x0000000739400000, 0x0000000739400000|100%|HC|  |TAMS 0x0000000739200000, 0x0000000739200000| Complete 
| 245|0x0000000739400000, 0x0000000739600000, 0x0000000739600000|100%|HC|  |TAMS 0x0000000739400000, 0x0000000739400000| Complete 
| 246|0x0000000739600000, 0x0000000739800000, 0x0000000739800000|100%|HC|  |TAMS 0x0000000739600000, 0x0000000739600000| Complete 
| 247|0x0000000739800000, 0x0000000739a00000, 0x0000000739a00000|100%|HC|  |TAMS 0x0000000739800000, 0x0000000739800000| Complete 
| 248|0x0000000739a00000, 0x0000000739c00000, 0x0000000739c00000|100%|HC|  |TAMS 0x0000000739a00000, 0x0000000739a00000| Complete 
| 249|0x0000000739c00000, 0x0000000739e00000, 0x0000000739e00000|100%|HC|  |TAMS 0x0000000739c00000, 0x0000000739c00000| Complete 
| 250|0x0000000739e00000, 0x000000073a000000, 0x000000073a000000|100%|HC|  |TAMS 0x0000000739e00000, 0x0000000739e00000| Complete 
| 251|0x000000073a000000, 0x000000073a200000, 0x000000073a200000|100%|HC|  |TAMS 0x000000073a000000, 0x000000073a000000| Complete 
| 252|0x000000073a200000, 0x000000073a400000, 0x000000073a400000|100%|HC|  |TAMS 0x000000073a200000, 0x000000073a200000| Complete 
| 253|0x000000073a400000, 0x000000073a600000, 0x000000073a600000|100%|HC|  |TAMS 0x000000073a400000, 0x000000073a400000| Complete 
| 254|0x000000073a600000, 0x000000073a800000, 0x000000073a800000|100%|HC|  |TAMS 0x000000073a600000, 0x000000073a600000| Complete 
| 255|0x000000073a800000, 0x000000073aa00000, 0x000000073aa00000|100%|HC|  |TAMS 0x000000073a800000, 0x000000073a800000| Complete 
| 256|0x000000073aa00000, 0x000000073ac00000, 0x000000073ac00000|100%|HC|  |TAMS 0x000000073aa00000, 0x000000073aa00000| Complete 
| 257|0x000000073ac00000, 0x000000073ae00000, 0x000000073ae00000|100%|HC|  |TAMS 0x000000073ac00000, 0x000000073ac00000| Complete 
| 258|0x000000073ae00000, 0x000000073b000000, 0x000000073b000000|100%|HC|  |TAMS 0x000000073ae00000, 0x000000073ae00000| Complete 
| 259|0x000000073b000000, 0x000000073b200000, 0x000000073b200000|100%|HC|  |TAMS 0x000000073b000000, 0x000000073b000000| Complete 
| 260|0x000000073b200000, 0x000000073b400000, 0x000000073b400000|100%|HC|  |TAMS 0x000000073b200000, 0x000000073b200000| Complete 
| 261|0x000000073b400000, 0x000000073b600000, 0x000000073b600000|100%|HC|  |TAMS 0x000000073b400000, 0x000000073b400000| Complete 
| 262|0x000000073b600000, 0x000000073b800000, 0x000000073b800000|100%|HC|  |TAMS 0x000000073b600000, 0x000000073b600000| Complete 
| 263|0x000000073b800000, 0x000000073ba00000, 0x000000073ba00000|100%|HC|  |TAMS 0x000000073b800000, 0x000000073b800000| Complete 
| 264|0x000000073ba00000, 0x000000073bc00000, 0x000000073bc00000|100%|HC|  |TAMS 0x000000073ba00000, 0x000000073ba00000| Complete 
| 265|0x000000073bc00000, 0x000000073be00000, 0x000000073be00000|100%|HC|  |TAMS 0x000000073bc00000, 0x000000073bc00000| Complete 
| 266|0x000000073be00000, 0x000000073c000000, 0x000000073c000000|100%|HC|  |TAMS 0x000000073be00000, 0x000000073be00000| Complete 
| 267|0x000000073c000000, 0x000000073c200000, 0x000000073c200000|100%|HC|  |TAMS 0x000000073c000000, 0x000000073c000000| Complete 
| 268|0x000000073c200000, 0x000000073c400000, 0x000000073c400000|100%|HC|  |TAMS 0x000000073c200000, 0x000000073c200000| Complete 
| 269|0x000000073c400000, 0x000000073c600000, 0x000000073c600000|100%|HC|  |TAMS 0x000000073c400000, 0x000000073c400000| Complete 
| 270|0x000000073c600000, 0x000000073c800000, 0x000000073c800000|100%|HC|  |TAMS 0x000000073c600000, 0x000000073c600000| Complete 
| 271|0x000000073c800000, 0x000000073ca00000, 0x000000073ca00000|100%|HC|  |TAMS 0x000000073c800000, 0x000000073c800000| Complete 
| 272|0x000000073ca00000, 0x000000073cc00000, 0x000000073cc00000|100%|HC|  |TAMS 0x000000073ca00000, 0x000000073ca00000| Complete 
| 273|0x000000073cc00000, 0x000000073ce00000, 0x000000073ce00000|100%|HC|  |TAMS 0x000000073cc00000, 0x000000073cc00000| Complete 
| 274|0x000000073ce00000, 0x000000073d000000, 0x000000073d000000|100%|HC|  |TAMS 0x000000073ce00000, 0x000000073ce00000| Complete 
| 275|0x000000073d000000, 0x000000073d200000, 0x000000073d200000|100%|HC|  |TAMS 0x000000073d000000, 0x000000073d000000| Complete 
| 276|0x000000073d200000, 0x000000073d400000, 0x000000073d400000|100%|HC|  |TAMS 0x000000073d200000, 0x000000073d200000| Complete 
| 277|0x000000073d400000, 0x000000073d600000, 0x000000073d600000|100%|HC|  |TAMS 0x000000073d400000, 0x000000073d400000| Complete 
| 278|0x000000073d600000, 0x000000073d800000, 0x000000073d800000|100%|HC|  |TAMS 0x000000073d600000, 0x000000073d600000| Complete 
| 279|0x000000073d800000, 0x000000073da00000, 0x000000073da00000|100%|HC|  |TAMS 0x000000073d800000, 0x000000073d800000| Complete 
| 280|0x000000073da00000, 0x000000073dc00000, 0x000000073dc00000|100%|HC|  |TAMS 0x000000073da00000, 0x000000073da00000| Complete 
| 281|0x000000073dc00000, 0x000000073de00000, 0x000000073de00000|100%|HC|  |TAMS 0x000000073dc00000, 0x000000073dc00000| Complete 
| 282|0x000000073de00000, 0x000000073e000000, 0x000000073e000000|100%|HC|  |TAMS 0x000000073de00000, 0x000000073de00000| Complete 
| 283|0x000000073e000000, 0x000000073e200000, 0x000000073e200000|100%|HC|  |TAMS 0x000000073e000000, 0x000000073e000000| Complete 
| 284|0x000000073e200000, 0x000000073e400000, 0x000000073e400000|100%|HC|  |TAMS 0x000000073e200000, 0x000000073e200000| Complete 
| 285|0x000000073e400000, 0x000000073e600000, 0x000000073e600000|100%|HC|  |TAMS 0x000000073e400000, 0x000000073e400000| Complete 
| 286|0x000000073e600000, 0x000000073e800000, 0x000000073e800000|100%|HC|  |TAMS 0x000000073e600000, 0x000000073e600000| Complete 
| 287|0x000000073e800000, 0x000000073ea00000, 0x000000073ea00000|100%|HC|  |TAMS 0x000000073e800000, 0x000000073e800000| Complete 
| 288|0x000000073ea00000, 0x000000073ec00000, 0x000000073ec00000|100%|HC|  |TAMS 0x000000073ea00000, 0x000000073ea00000| Complete 
| 289|0x000000073ec00000, 0x000000073ee00000, 0x000000073ee00000|100%|HC|  |TAMS 0x000000073ec00000, 0x000000073ec00000| Complete 
| 290|0x000000073ee00000, 0x000000073f000000, 0x000000073f000000|100%|HC|  |TAMS 0x000000073ee00000, 0x000000073ee00000| Complete 
| 291|0x000000073f000000, 0x000000073f200000, 0x000000073f200000|100%|HC|  |TAMS 0x000000073f000000, 0x000000073f000000| Complete 
| 292|0x000000073f200000, 0x000000073f400000, 0x000000073f400000|100%|HC|  |TAMS 0x000000073f200000, 0x000000073f200000| Complete 
| 293|0x000000073f400000, 0x000000073f600000, 0x000000073f600000|100%|HC|  |TAMS 0x000000073f400000, 0x000000073f400000| Complete 
| 294|0x000000073f600000, 0x000000073f800000, 0x000000073f800000|100%|HC|  |TAMS 0x000000073f600000, 0x000000073f600000| Complete 
| 295|0x000000073f800000, 0x000000073fa00000, 0x000000073fa00000|100%|HC|  |TAMS 0x000000073f800000, 0x000000073f800000| Complete 
| 296|0x000000073fa00000, 0x000000073fc00000, 0x000000073fc00000|100%|HC|  |TAMS 0x000000073fa00000, 0x000000073fa00000| Complete 
| 297|0x000000073fc00000, 0x000000073fe00000, 0x000000073fe00000|100%|HC|  |TAMS 0x000000073fc00000, 0x000000073fc00000| Complete 
| 298|0x000000073fe00000, 0x0000000740000000, 0x0000000740000000|100%|HC|  |TAMS 0x000000073fe00000, 0x000000073fe00000| Complete 
| 299|0x0000000740000000, 0x0000000740200000, 0x0000000740200000|100%|HC|  |TAMS 0x0000000740000000, 0x0000000740000000| Complete 
| 300|0x0000000740200000, 0x0000000740400000, 0x0000000740400000|100%|HC|  |TAMS 0x0000000740200000, 0x0000000740200000| Complete 
| 301|0x0000000740400000, 0x0000000740600000, 0x0000000740600000|100%|HC|  |TAMS 0x0000000740400000, 0x0000000740400000| Complete 
| 302|0x0000000740600000, 0x0000000740800000, 0x0000000740800000|100%|HC|  |TAMS 0x0000000740600000, 0x0000000740600000| Complete 
| 303|0x0000000740800000, 0x0000000740a00000, 0x0000000740a00000|100%|HC|  |TAMS 0x0000000740800000, 0x0000000740800000| Complete 
| 304|0x0000000740a00000, 0x0000000740c00000, 0x0000000740c00000|100%|HC|  |TAMS 0x0000000740a00000, 0x0000000740a00000| Complete 
| 305|0x0000000740c00000, 0x0000000740e00000, 0x0000000740e00000|100%|HC|  |TAMS 0x0000000740c00000, 0x0000000740c00000| Complete 
| 306|0x0000000740e00000, 0x0000000741000000, 0x0000000741000000|100%|HC|  |TAMS 0x0000000740e00000, 0x0000000740e00000| Complete 
| 307|0x0000000741000000, 0x0000000741200000, 0x0000000741200000|100%|HC|  |TAMS 0x0000000741000000, 0x0000000741000000| Complete 
| 308|0x0000000741200000, 0x0000000741400000, 0x0000000741400000|100%|HC|  |TAMS 0x0000000741200000, 0x0000000741200000| Complete 
| 309|0x0000000741400000, 0x0000000741600000, 0x0000000741600000|100%|HC|  |TAMS 0x0000000741400000, 0x0000000741400000| Complete 
| 310|0x0000000741600000, 0x0000000741800000, 0x0000000741800000|100%|HC|  |TAMS 0x0000000741600000, 0x0000000741600000| Complete 
| 311|0x0000000741800000, 0x0000000741a00000, 0x0000000741a00000|100%|HC|  |TAMS 0x0000000741800000, 0x0000000741800000| Complete 
| 312|0x0000000741a00000, 0x0000000741c00000, 0x0000000741c00000|100%|HC|  |TAMS 0x0000000741a00000, 0x0000000741a00000| Complete 
| 313|0x0000000741c00000, 0x0000000741e00000, 0x0000000741e00000|100%|HC|  |TAMS 0x0000000741c00000, 0x0000000741c00000| Complete 
| 314|0x0000000741e00000, 0x0000000742000000, 0x0000000742000000|100%|HC|  |TAMS 0x0000000741e00000, 0x0000000741e00000| Complete 
| 315|0x0000000742000000, 0x0000000742200000, 0x0000000742200000|100%|HC|  |TAMS 0x0000000742000000, 0x0000000742000000| Complete 
| 316|0x0000000742200000, 0x0000000742400000, 0x0000000742400000|100%|HC|  |TAMS 0x0000000742200000, 0x0000000742200000| Complete 
| 317|0x0000000742400000, 0x0000000742600000, 0x0000000742600000|100%|HC|  |TAMS 0x0000000742400000, 0x0000000742400000| Complete 
| 318|0x0000000742600000, 0x0000000742800000, 0x0000000742800000|100%|HC|  |TAMS 0x0000000742600000, 0x0000000742600000| Complete 
| 319|0x0000000742800000, 0x0000000742a00000, 0x0000000742a00000|100%|HC|  |TAMS 0x0000000742800000, 0x0000000742800000| Complete 
| 320|0x0000000742a00000, 0x0000000742c00000, 0x0000000742c00000|100%|HC|  |TAMS 0x0000000742a00000, 0x0000000742a00000| Complete 
| 321|0x0000000742c00000, 0x0000000742e00000, 0x0000000742e00000|100%|HC|  |TAMS 0x0000000742c00000, 0x0000000742c00000| Complete 
| 322|0x0000000742e00000, 0x0000000743000000, 0x0000000743000000|100%|HC|  |TAMS 0x0000000742e00000, 0x0000000742e00000| Complete 
| 323|0x0000000743000000, 0x0000000743200000, 0x0000000743200000|100%|HC|  |TAMS 0x0000000743000000, 0x0000000743000000| Complete 
| 324|0x0000000743200000, 0x0000000743400000, 0x0000000743400000|100%|HC|  |TAMS 0x0000000743200000, 0x0000000743200000| Complete 
| 325|0x0000000743400000, 0x0000000743600000, 0x0000000743600000|100%|HC|  |TAMS 0x0000000743400000, 0x0000000743400000| Complete 
| 326|0x0000000743600000, 0x0000000743800000, 0x0000000743800000|100%|HC|  |TAMS 0x0000000743600000, 0x0000000743600000| Complete 
| 327|0x0000000743800000, 0x0000000743a00000, 0x0000000743a00000|100%|HC|  |TAMS 0x0000000743800000, 0x0000000743800000| Complete 
| 328|0x0000000743a00000, 0x0000000743c00000, 0x0000000743c00000|100%|HC|  |TAMS 0x0000000743a00000, 0x0000000743a00000| Complete 
| 329|0x0000000743c00000, 0x0000000743e00000, 0x0000000743e00000|100%|HC|  |TAMS 0x0000000743c00000, 0x0000000743c00000| Complete 
| 330|0x0000000743e00000, 0x0000000744000000, 0x0000000744000000|100%|HC|  |TAMS 0x0000000743e00000, 0x0000000743e00000| Complete 
| 331|0x0000000744000000, 0x0000000744200000, 0x0000000744200000|100%|HC|  |TAMS 0x0000000744000000, 0x0000000744000000| Complete 
| 332|0x0000000744200000, 0x0000000744400000, 0x0000000744400000|100%|HC|  |TAMS 0x0000000744200000, 0x0000000744200000| Complete 
| 333|0x0000000744400000, 0x0000000744600000, 0x0000000744600000|100%|HC|  |TAMS 0x0000000744400000, 0x0000000744400000| Complete 
| 334|0x0000000744600000, 0x0000000744800000, 0x0000000744800000|100%|HC|  |TAMS 0x0000000744600000, 0x0000000744600000| Complete 
| 335|0x0000000744800000, 0x0000000744a00000, 0x0000000744a00000|100%|HC|  |TAMS 0x0000000744800000, 0x0000000744800000| Complete 
| 336|0x0000000744a00000, 0x0000000744c00000, 0x0000000744c00000|100%|HC|  |TAMS 0x0000000744a00000, 0x0000000744a00000| Complete 
| 337|0x0000000744c00000, 0x0000000744e00000, 0x0000000744e00000|100%|HC|  |TAMS 0x0000000744c00000, 0x0000000744c00000| Complete 
| 338|0x0000000744e00000, 0x0000000745000000, 0x0000000745000000|100%|HC|  |TAMS 0x0000000744e00000, 0x0000000744e00000| Complete 
| 339|0x0000000745000000, 0x0000000745200000, 0x0000000745200000|100%|HC|  |TAMS 0x0000000745000000, 0x0000000745000000| Complete 
| 340|0x0000000745200000, 0x0000000745400000, 0x0000000745400000|100%|HC|  |TAMS 0x0000000745200000, 0x0000000745200000| Complete 
| 341|0x0000000745400000, 0x0000000745600000, 0x0000000745600000|100%|HC|  |TAMS 0x0000000745400000, 0x0000000745400000| Complete 
| 342|0x0000000745600000, 0x0000000745800000, 0x0000000745800000|100%|HC|  |TAMS 0x0000000745600000, 0x0000000745600000| Complete 
| 343|0x0000000745800000, 0x0000000745a00000, 0x0000000745a00000|100%|HC|  |TAMS 0x0000000745800000, 0x0000000745800000| Complete 
| 344|0x0000000745a00000, 0x0000000745c00000, 0x0000000745c00000|100%|HC|  |TAMS 0x0000000745a00000, 0x0000000745a00000| Complete 
| 345|0x0000000745c00000, 0x0000000745e00000, 0x0000000745e00000|100%|HC|  |TAMS 0x0000000745c00000, 0x0000000745c00000| Complete 
| 346|0x0000000745e00000, 0x0000000746000000, 0x0000000746000000|100%|HC|  |TAMS 0x0000000745e00000, 0x0000000745e00000| Complete 
| 347|0x0000000746000000, 0x0000000746200000, 0x0000000746200000|100%|HC|  |TAMS 0x0000000746000000, 0x0000000746000000| Complete 
| 348|0x0000000746200000, 0x0000000746400000, 0x0000000746400000|100%|HC|  |TAMS 0x0000000746200000, 0x0000000746200000| Complete 
| 349|0x0000000746400000, 0x0000000746600000, 0x0000000746600000|100%|HC|  |TAMS 0x0000000746400000, 0x0000000746400000| Complete 
| 350|0x0000000746600000, 0x0000000746800000, 0x0000000746800000|100%|HC|  |TAMS 0x0000000746600000, 0x0000000746600000| Complete 
| 351|0x0000000746800000, 0x0000000746a00000, 0x0000000746a00000|100%|HC|  |TAMS 0x0000000746800000, 0x0000000746800000| Complete 
| 352|0x0000000746a00000, 0x0000000746c00000, 0x0000000746c00000|100%|HC|  |TAMS 0x0000000746a00000, 0x0000000746a00000| Complete 
| 353|0x0000000746c00000, 0x0000000746e00000, 0x0000000746e00000|100%|HC|  |TAMS 0x0000000746c00000, 0x0000000746c00000| Complete 
| 354|0x0000000746e00000, 0x0000000747000000, 0x0000000747000000|100%|HC|  |TAMS 0x0000000746e00000, 0x0000000746e00000| Complete 
| 355|0x0000000747000000, 0x0000000747200000, 0x0000000747200000|100%|HC|  |TAMS 0x0000000747000000, 0x0000000747000000| Complete 
| 356|0x0000000747200000, 0x0000000747400000, 0x0000000747400000|100%|HC|  |TAMS 0x0000000747200000, 0x0000000747200000| Complete 
| 357|0x0000000747400000, 0x0000000747600000, 0x0000000747600000|100%|HC|  |TAMS 0x0000000747400000, 0x0000000747400000| Complete 
| 358|0x0000000747600000, 0x0000000747800000, 0x0000000747800000|100%|HC|  |TAMS 0x0000000747600000, 0x0000000747600000| Complete 
| 359|0x0000000747800000, 0x0000000747a00000, 0x0000000747a00000|100%|HC|  |TAMS 0x0000000747800000, 0x0000000747800000| Complete 
| 360|0x0000000747a00000, 0x0000000747c00000, 0x0000000747c00000|100%|HC|  |TAMS 0x0000000747a00000, 0x0000000747a00000| Complete 
| 361|0x0000000747c00000, 0x0000000747e00000, 0x0000000747e00000|100%|HC|  |TAMS 0x0000000747c00000, 0x0000000747c00000| Complete 
| 362|0x0000000747e00000, 0x0000000748000000, 0x0000000748000000|100%|HC|  |TAMS 0x0000000747e00000, 0x0000000747e00000| Complete 
| 363|0x0000000748000000, 0x0000000748200000, 0x0000000748200000|100%|HC|  |TAMS 0x0000000748000000, 0x0000000748000000| Complete 
| 364|0x0000000748200000, 0x0000000748400000, 0x0000000748400000|100%|HC|  |TAMS 0x0000000748200000, 0x0000000748200000| Complete 
| 365|0x0000000748400000, 0x0000000748600000, 0x0000000748600000|100%|HC|  |TAMS 0x0000000748400000, 0x0000000748400000| Complete 
| 366|0x0000000748600000, 0x0000000748800000, 0x0000000748800000|100%|HC|  |TAMS 0x0000000748600000, 0x0000000748600000| Complete 
| 367|0x0000000748800000, 0x0000000748a00000, 0x0000000748a00000|100%|HC|  |TAMS 0x0000000748800000, 0x0000000748800000| Complete 
| 368|0x0000000748a00000, 0x0000000748c00000, 0x0000000748c00000|100%|HC|  |TAMS 0x0000000748a00000, 0x0000000748a00000| Complete 
| 369|0x0000000748c00000, 0x0000000748e00000, 0x0000000748e00000|100%|HC|  |TAMS 0x0000000748c00000, 0x0000000748c00000| Complete 
| 370|0x0000000748e00000, 0x0000000749000000, 0x0000000749000000|100%|HC|  |TAMS 0x0000000748e00000, 0x0000000748e00000| Complete 
| 371|0x0000000749000000, 0x0000000749200000, 0x0000000749200000|100%|HC|  |TAMS 0x0000000749000000, 0x0000000749000000| Complete 
| 372|0x0000000749200000, 0x0000000749400000, 0x0000000749400000|100%|HC|  |TAMS 0x0000000749200000, 0x0000000749200000| Complete 
| 373|0x0000000749400000, 0x0000000749600000, 0x0000000749600000|100%|HC|  |TAMS 0x0000000749400000, 0x0000000749400000| Complete 
| 374|0x0000000749600000, 0x0000000749800000, 0x0000000749800000|100%|HC|  |TAMS 0x0000000749600000, 0x0000000749600000| Complete 
| 375|0x0000000749800000, 0x0000000749a00000, 0x0000000749a00000|100%|HC|  |TAMS 0x0000000749800000, 0x0000000749800000| Complete 
| 376|0x0000000749a00000, 0x0000000749c00000, 0x0000000749c00000|100%|HC|  |TAMS 0x0000000749a00000, 0x0000000749a00000| Complete 
| 377|0x0000000749c00000, 0x0000000749e00000, 0x0000000749e00000|100%|HC|  |TAMS 0x0000000749c00000, 0x0000000749c00000| Complete 
| 378|0x0000000749e00000, 0x000000074a000000, 0x000000074a000000|100%|HC|  |TAMS 0x0000000749e00000, 0x0000000749e00000| Complete 
| 379|0x000000074a000000, 0x000000074a200000, 0x000000074a200000|100%|HC|  |TAMS 0x000000074a000000, 0x000000074a000000| Complete 
| 380|0x000000074a200000, 0x000000074a400000, 0x000000074a400000|100%|HC|  |TAMS 0x000000074a200000, 0x000000074a200000| Complete 
| 381|0x000000074a400000, 0x000000074a600000, 0x000000074a600000|100%|HC|  |TAMS 0x000000074a400000, 0x000000074a400000| Complete 
| 382|0x000000074a600000, 0x000000074a800000, 0x000000074a800000|100%|HC|  |TAMS 0x000000074a600000, 0x000000074a600000| Complete 
| 383|0x000000074a800000, 0x000000074aa00000, 0x000000074aa00000|100%|HC|  |TAMS 0x000000074a800000, 0x000000074a800000| Complete 
| 384|0x000000074aa00000, 0x000000074ac00000, 0x000000074ac00000|100%|HC|  |TAMS 0x000000074aa00000, 0x000000074aa00000| Complete 
| 385|0x000000074ac00000, 0x000000074ae00000, 0x000000074ae00000|100%|HC|  |TAMS 0x000000074ac00000, 0x000000074ac00000| Complete 
| 386|0x000000074ae00000, 0x000000074b000000, 0x000000074b000000|100%|HC|  |TAMS 0x000000074ae00000, 0x000000074ae00000| Complete 
| 387|0x000000074b000000, 0x000000074b200000, 0x000000074b200000|100%|HC|  |TAMS 0x000000074b000000, 0x000000074b000000| Complete 
| 388|0x000000074b200000, 0x000000074b400000, 0x000000074b400000|100%|HC|  |TAMS 0x000000074b200000, 0x000000074b200000| Complete 
| 389|0x000000074b400000, 0x000000074b600000, 0x000000074b600000|100%|HC|  |TAMS 0x000000074b400000, 0x000000074b400000| Complete 
| 390|0x000000074b600000, 0x000000074b800000, 0x000000074b800000|100%|HC|  |TAMS 0x000000074b600000, 0x000000074b600000| Complete 
| 391|0x000000074b800000, 0x000000074ba00000, 0x000000074ba00000|100%|HC|  |TAMS 0x000000074b800000, 0x000000074b800000| Complete 
| 392|0x000000074ba00000, 0x000000074bc00000, 0x000000074bc00000|100%|HC|  |TAMS 0x000000074ba00000, 0x000000074ba00000| Complete 
| 393|0x000000074bc00000, 0x000000074be00000, 0x000000074be00000|100%|HC|  |TAMS 0x000000074bc00000, 0x000000074bc00000| Complete 
| 394|0x000000074be00000, 0x000000074c000000, 0x000000074c000000|100%|HC|  |TAMS 0x000000074be00000, 0x000000074be00000| Complete 
| 395|0x000000074c000000, 0x000000074c200000, 0x000000074c200000|100%|HC|  |TAMS 0x000000074c000000, 0x000000074c000000| Complete 
| 396|0x000000074c200000, 0x000000074c400000, 0x000000074c400000|100%|HC|  |TAMS 0x000000074c200000, 0x000000074c200000| Complete 
| 397|0x000000074c400000, 0x000000074c600000, 0x000000074c600000|100%|HC|  |TAMS 0x000000074c400000, 0x000000074c400000| Complete 
| 398|0x000000074c600000, 0x000000074c800000, 0x000000074c800000|100%|HC|  |TAMS 0x000000074c600000, 0x000000074c600000| Complete 
| 399|0x000000074c800000, 0x000000074ca00000, 0x000000074ca00000|100%|HC|  |TAMS 0x000000074c800000, 0x000000074c800000| Complete 
| 400|0x000000074ca00000, 0x000000074cc00000, 0x000000074cc00000|100%|HC|  |TAMS 0x000000074ca00000, 0x000000074ca00000| Complete 
| 401|0x000000074cc00000, 0x000000074ce00000, 0x000000074ce00000|100%|HC|  |TAMS 0x000000074cc00000, 0x000000074cc00000| Complete 
| 402|0x000000074ce00000, 0x000000074d000000, 0x000000074d000000|100%|HC|  |TAMS 0x000000074ce00000, 0x000000074ce00000| Complete 
| 403|0x000000074d000000, 0x000000074d200000, 0x000000074d200000|100%|HC|  |TAMS 0x000000074d000000, 0x000000074d000000| Complete 
| 404|0x000000074d200000, 0x000000074d400000, 0x000000074d400000|100%|HC|  |TAMS 0x000000074d200000, 0x000000074d200000| Complete 
| 405|0x000000074d400000, 0x000000074d600000, 0x000000074d600000|100%|HC|  |TAMS 0x000000074d400000, 0x000000074d400000| Complete 
| 406|0x000000074d600000, 0x000000074d800000, 0x000000074d800000|100%|HC|  |TAMS 0x000000074d600000, 0x000000074d600000| Complete 
| 407|0x000000074d800000, 0x000000074da00000, 0x000000074da00000|100%|HC|  |TAMS 0x000000074d800000, 0x000000074d800000| Complete 
| 408|0x000000074da00000, 0x000000074dc00000, 0x000000074dc00000|100%|HC|  |TAMS 0x000000074da00000, 0x000000074da00000| Complete 
| 409|0x000000074dc00000, 0x000000074de00000, 0x000000074de00000|100%|HC|  |TAMS 0x000000074dc00000, 0x000000074dc00000| Complete 
| 410|0x000000074de00000, 0x000000074e000000, 0x000000074e000000|100%|HC|  |TAMS 0x000000074de00000, 0x000000074de00000| Complete 
| 411|0x000000074e000000, 0x000000074e200000, 0x000000074e200000|100%|HC|  |TAMS 0x000000074e000000, 0x000000074e000000| Complete 
| 412|0x000000074e200000, 0x000000074e400000, 0x000000074e400000|100%|HC|  |TAMS 0x000000074e200000, 0x000000074e200000| Complete 
| 413|0x000000074e400000, 0x000000074e600000, 0x000000074e600000|100%|HC|  |TAMS 0x000000074e400000, 0x000000074e400000| Complete 
| 414|0x000000074e600000, 0x000000074e800000, 0x000000074e800000|100%|HC|  |TAMS 0x000000074e600000, 0x000000074e600000| Complete 
| 415|0x000000074e800000, 0x000000074ea00000, 0x000000074ea00000|100%|HC|  |TAMS 0x000000074e800000, 0x000000074e800000| Complete 
| 416|0x000000074ea00000, 0x000000074ec00000, 0x000000074ec00000|100%|HC|  |TAMS 0x000000074ea00000, 0x000000074ea00000| Complete 
| 417|0x000000074ec00000, 0x000000074ee00000, 0x000000074ee00000|100%|HC|  |TAMS 0x000000074ec00000, 0x000000074ec00000| Complete 
| 418|0x000000074ee00000, 0x000000074f000000, 0x000000074f000000|100%|HC|  |TAMS 0x000000074ee00000, 0x000000074ee00000| Complete 
| 419|0x000000074f000000, 0x000000074f200000, 0x000000074f200000|100%|HC|  |TAMS 0x000000074f000000, 0x000000074f000000| Complete 
| 420|0x000000074f200000, 0x000000074f400000, 0x000000074f400000|100%|HC|  |TAMS 0x000000074f200000, 0x000000074f200000| Complete 
| 421|0x000000074f400000, 0x000000074f600000, 0x000000074f600000|100%|HC|  |TAMS 0x000000074f400000, 0x000000074f400000| Complete 
| 422|0x000000074f600000, 0x000000074f800000, 0x000000074f800000|100%|HC|  |TAMS 0x000000074f600000, 0x000000074f600000| Complete 
| 423|0x000000074f800000, 0x000000074fa00000, 0x000000074fa00000|100%|HC|  |TAMS 0x000000074f800000, 0x000000074f800000| Complete 
| 424|0x000000074fa00000, 0x000000074fc00000, 0x000000074fc00000|100%|HC|  |TAMS 0x000000074fa00000, 0x000000074fa00000| Complete 
| 425|0x000000074fc00000, 0x000000074fe00000, 0x000000074fe00000|100%|HC|  |TAMS 0x000000074fc00000, 0x000000074fc00000| Complete 
| 426|0x000000074fe00000, 0x0000000750000000, 0x0000000750000000|100%|HC|  |TAMS 0x000000074fe00000, 0x000000074fe00000| Complete 
| 427|0x0000000750000000, 0x0000000750200000, 0x0000000750200000|100%|HC|  |TAMS 0x0000000750000000, 0x0000000750000000| Complete 
| 428|0x0000000750200000, 0x0000000750400000, 0x0000000750400000|100%|HC|  |TAMS 0x0000000750200000, 0x0000000750200000| Complete 
| 429|0x0000000750400000, 0x0000000750600000, 0x0000000750600000|100%|HC|  |TAMS 0x0000000750400000, 0x0000000750400000| Complete 
| 430|0x0000000750600000, 0x0000000750800000, 0x0000000750800000|100%|HC|  |TAMS 0x0000000750600000, 0x0000000750600000| Complete 
| 431|0x0000000750800000, 0x0000000750a00000, 0x0000000750a00000|100%|HC|  |TAMS 0x0000000750800000, 0x0000000750800000| Complete 
| 432|0x0000000750a00000, 0x0000000750c00000, 0x0000000750c00000|100%|HC|  |TAMS 0x0000000750a00000, 0x0000000750a00000| Complete 
| 433|0x0000000750c00000, 0x0000000750e00000, 0x0000000750e00000|100%|HC|  |TAMS 0x0000000750c00000, 0x0000000750c00000| Complete 
| 434|0x0000000750e00000, 0x0000000751000000, 0x0000000751000000|100%|HC|  |TAMS 0x0000000750e00000, 0x0000000750e00000| Complete 
| 435|0x0000000751000000, 0x0000000751200000, 0x0000000751200000|100%|HC|  |TAMS 0x0000000751000000, 0x0000000751000000| Complete 
| 436|0x0000000751200000, 0x0000000751400000, 0x0000000751400000|100%|HC|  |TAMS 0x0000000751200000, 0x0000000751200000| Complete 
| 437|0x0000000751400000, 0x0000000751600000, 0x0000000751600000|100%|HC|  |TAMS 0x0000000751400000, 0x0000000751400000| Complete 
| 438|0x0000000751600000, 0x0000000751800000, 0x0000000751800000|100%|HC|  |TAMS 0x0000000751600000, 0x0000000751600000| Complete 
| 439|0x0000000751800000, 0x0000000751a00000, 0x0000000751a00000|100%|HC|  |TAMS 0x0000000751800000, 0x0000000751800000| Complete 
| 440|0x0000000751a00000, 0x0000000751c00000, 0x0000000751c00000|100%|HC|  |TAMS 0x0000000751a00000, 0x0000000751a00000| Complete 
| 441|0x0000000751c00000, 0x0000000751e00000, 0x0000000751e00000|100%|HC|  |TAMS 0x0000000751c00000, 0x0000000751c00000| Complete 
| 442|0x0000000751e00000, 0x0000000752000000, 0x0000000752000000|100%|HC|  |TAMS 0x0000000751e00000, 0x0000000751e00000| Complete 
| 443|0x0000000752000000, 0x0000000752200000, 0x0000000752200000|100%|HC|  |TAMS 0x0000000752000000, 0x0000000752000000| Complete 
| 444|0x0000000752200000, 0x0000000752400000, 0x0000000752400000|100%|HC|  |TAMS 0x0000000752200000, 0x0000000752200000| Complete 
| 445|0x0000000752400000, 0x0000000752600000, 0x0000000752600000|100%|HC|  |TAMS 0x0000000752400000, 0x0000000752400000| Complete 
| 446|0x0000000752600000, 0x0000000752800000, 0x0000000752800000|100%|HC|  |TAMS 0x0000000752600000, 0x0000000752600000| Complete 
| 447|0x0000000752800000, 0x0000000752a00000, 0x0000000752a00000|100%|HC|  |TAMS 0x0000000752800000, 0x0000000752800000| Complete 
| 448|0x0000000752a00000, 0x0000000752c00000, 0x0000000752c00000|100%|HC|  |TAMS 0x0000000752a00000, 0x0000000752a00000| Complete 
| 449|0x0000000752c00000, 0x0000000752e00000, 0x0000000752e00000|100%|HC|  |TAMS 0x0000000752c00000, 0x0000000752c00000| Complete 
| 450|0x0000000752e00000, 0x0000000753000000, 0x0000000753000000|100%|HC|  |TAMS 0x0000000752e00000, 0x0000000752e00000| Complete 
| 451|0x0000000753000000, 0x0000000753200000, 0x0000000753200000|100%|HC|  |TAMS 0x0000000753000000, 0x0000000753000000| Complete 
| 452|0x0000000753200000, 0x0000000753400000, 0x0000000753400000|100%|HC|  |TAMS 0x0000000753200000, 0x0000000753200000| Complete 
| 453|0x0000000753400000, 0x0000000753600000, 0x0000000753600000|100%|HC|  |TAMS 0x0000000753400000, 0x0000000753400000| Complete 
| 454|0x0000000753600000, 0x0000000753800000, 0x0000000753800000|100%|HC|  |TAMS 0x0000000753600000, 0x0000000753600000| Complete 
| 455|0x0000000753800000, 0x0000000753a00000, 0x0000000753a00000|100%|HC|  |TAMS 0x0000000753800000, 0x0000000753800000| Complete 
| 456|0x0000000753a00000, 0x0000000753c00000, 0x0000000753c00000|100%|HC|  |TAMS 0x0000000753a00000, 0x0000000753a00000| Complete 
| 457|0x0000000753c00000, 0x0000000753e00000, 0x0000000753e00000|100%|HC|  |TAMS 0x0000000753c00000, 0x0000000753c00000| Complete 
| 458|0x0000000753e00000, 0x0000000754000000, 0x0000000754000000|100%|HC|  |TAMS 0x0000000753e00000, 0x0000000753e00000| Complete 
| 459|0x0000000754000000, 0x0000000754200000, 0x0000000754200000|100%|HC|  |TAMS 0x0000000754000000, 0x0000000754000000| Complete 
| 460|0x0000000754200000, 0x0000000754400000, 0x0000000754400000|100%|HC|  |TAMS 0x0000000754200000, 0x0000000754200000| Complete 
| 461|0x0000000754400000, 0x0000000754600000, 0x0000000754600000|100%|HC|  |TAMS 0x0000000754400000, 0x0000000754400000| Complete 
| 462|0x0000000754600000, 0x0000000754800000, 0x0000000754800000|100%|HC|  |TAMS 0x0000000754600000, 0x0000000754600000| Complete 
| 463|0x0000000754800000, 0x0000000754a00000, 0x0000000754a00000|100%|HC|  |TAMS 0x0000000754800000, 0x0000000754800000| Complete 
| 464|0x0000000754a00000, 0x0000000754c00000, 0x0000000754c00000|100%|HC|  |TAMS 0x0000000754a00000, 0x0000000754a00000| Complete 
| 465|0x0000000754c00000, 0x0000000754e00000, 0x0000000754e00000|100%|HC|  |TAMS 0x0000000754c00000, 0x0000000754c00000| Complete 
| 466|0x0000000754e00000, 0x0000000755000000, 0x0000000755000000|100%|HC|  |TAMS 0x0000000754e00000, 0x0000000754e00000| Complete 
| 467|0x0000000755000000, 0x0000000755200000, 0x0000000755200000|100%|HC|  |TAMS 0x0000000755000000, 0x0000000755000000| Complete 
| 468|0x0000000755200000, 0x0000000755400000, 0x0000000755400000|100%|HC|  |TAMS 0x0000000755200000, 0x0000000755200000| Complete 
| 469|0x0000000755400000, 0x0000000755600000, 0x0000000755600000|100%|HC|  |TAMS 0x0000000755400000, 0x0000000755400000| Complete 
| 470|0x0000000755600000, 0x0000000755800000, 0x0000000755800000|100%|HC|  |TAMS 0x0000000755600000, 0x0000000755600000| Complete 
| 471|0x0000000755800000, 0x0000000755a00000, 0x0000000755a00000|100%|HC|  |TAMS 0x0000000755800000, 0x0000000755800000| Complete 
| 472|0x0000000755a00000, 0x0000000755c00000, 0x0000000755c00000|100%|HC|  |TAMS 0x0000000755a00000, 0x0000000755a00000| Complete 
| 473|0x0000000755c00000, 0x0000000755e00000, 0x0000000755e00000|100%|HC|  |TAMS 0x0000000755c00000, 0x0000000755c00000| Complete 
| 474|0x0000000755e00000, 0x0000000756000000, 0x0000000756000000|100%|HC|  |TAMS 0x0000000755e00000, 0x0000000755e00000| Complete 
| 475|0x0000000756000000, 0x0000000756200000, 0x0000000756200000|100%|HC|  |TAMS 0x0000000756000000, 0x0000000756000000| Complete 
| 476|0x0000000756200000, 0x0000000756400000, 0x0000000756400000|100%|HC|  |TAMS 0x0000000756200000, 0x0000000756200000| Complete 
| 477|0x0000000756400000, 0x0000000756600000, 0x0000000756600000|100%|HC|  |TAMS 0x0000000756400000, 0x0000000756400000| Complete 
| 478|0x0000000756600000, 0x0000000756800000, 0x0000000756800000|100%|HC|  |TAMS 0x0000000756600000, 0x0000000756600000| Complete 
| 479|0x0000000756800000, 0x0000000756a00000, 0x0000000756a00000|100%|HC|  |TAMS 0x0000000756800000, 0x0000000756800000| Complete 
| 480|0x0000000756a00000, 0x0000000756c00000, 0x0000000756c00000|100%|HC|  |TAMS 0x0000000756a00000, 0x0000000756a00000| Complete 
| 481|0x0000000756c00000, 0x0000000756e00000, 0x0000000756e00000|100%|HC|  |TAMS 0x0000000756c00000, 0x0000000756c00000| Complete 
| 482|0x0000000756e00000, 0x0000000757000000, 0x0000000757000000|100%|HC|  |TAMS 0x0000000756e00000, 0x0000000756e00000| Complete 
| 483|0x0000000757000000, 0x0000000757200000, 0x0000000757200000|100%|HC|  |TAMS 0x0000000757000000, 0x0000000757000000| Complete 
| 484|0x0000000757200000, 0x0000000757400000, 0x0000000757400000|100%|HC|  |TAMS 0x0000000757200000, 0x0000000757200000| Complete 
| 485|0x0000000757400000, 0x0000000757600000, 0x0000000757600000|100%|HC|  |TAMS 0x0000000757400000, 0x0000000757400000| Complete 
| 486|0x0000000757600000, 0x0000000757800000, 0x0000000757800000|100%|HC|  |TAMS 0x0000000757600000, 0x0000000757600000| Complete 
| 487|0x0000000757800000, 0x0000000757a00000, 0x0000000757a00000|100%|HC|  |TAMS 0x0000000757800000, 0x0000000757800000| Complete 
| 488|0x0000000757a00000, 0x0000000757c00000, 0x0000000757c00000|100%|HC|  |TAMS 0x0000000757a00000, 0x0000000757a00000| Complete 
| 489|0x0000000757c00000, 0x0000000757e00000, 0x0000000757e00000|100%|HC|  |TAMS 0x0000000757c00000, 0x0000000757c00000| Complete 
| 490|0x0000000757e00000, 0x0000000758000000, 0x0000000758000000|100%|HC|  |TAMS 0x0000000757e00000, 0x0000000757e00000| Complete 
| 491|0x0000000758000000, 0x0000000758200000, 0x0000000758200000|100%|HC|  |TAMS 0x0000000758000000, 0x0000000758000000| Complete 
| 492|0x0000000758200000, 0x0000000758400000, 0x0000000758400000|100%|HC|  |TAMS 0x0000000758200000, 0x0000000758200000| Complete 
| 493|0x0000000758400000, 0x0000000758600000, 0x0000000758600000|100%|HC|  |TAMS 0x0000000758400000, 0x0000000758400000| Complete 
| 494|0x0000000758600000, 0x0000000758800000, 0x0000000758800000|100%|HC|  |TAMS 0x0000000758600000, 0x0000000758600000| Complete 
| 495|0x0000000758800000, 0x0000000758a00000, 0x0000000758a00000|100%|HC|  |TAMS 0x0000000758800000, 0x0000000758800000| Complete 
| 496|0x0000000758a00000, 0x0000000758c00000, 0x0000000758c00000|100%|HC|  |TAMS 0x0000000758a00000, 0x0000000758a00000| Complete 
| 497|0x0000000758c00000, 0x0000000758e00000, 0x0000000758e00000|100%|HC|  |TAMS 0x0000000758c00000, 0x0000000758c00000| Complete 
| 498|0x0000000758e00000, 0x0000000759000000, 0x0000000759000000|100%|HC|  |TAMS 0x0000000758e00000, 0x0000000758e00000| Complete 
| 499|0x0000000759000000, 0x0000000759200000, 0x0000000759200000|100%|HC|  |TAMS 0x0000000759000000, 0x0000000759000000| Complete 
| 500|0x0000000759200000, 0x0000000759400000, 0x0000000759400000|100%|HC|  |TAMS 0x0000000759200000, 0x0000000759200000| Complete 
| 501|0x0000000759400000, 0x0000000759600000, 0x0000000759600000|100%|HC|  |TAMS 0x0000000759400000, 0x0000000759400000| Complete 
| 502|0x0000000759600000, 0x0000000759800000, 0x0000000759800000|100%|HC|  |TAMS 0x0000000759600000, 0x0000000759600000| Complete 
| 503|0x0000000759800000, 0x0000000759a00000, 0x0000000759a00000|100%|HC|  |TAMS 0x0000000759800000, 0x0000000759800000| Complete 
| 504|0x0000000759a00000, 0x0000000759c00000, 0x0000000759c00000|100%|HC|  |TAMS 0x0000000759a00000, 0x0000000759a00000| Complete 
| 505|0x0000000759c00000, 0x0000000759e00000, 0x0000000759e00000|100%|HC|  |TAMS 0x0000000759c00000, 0x0000000759c00000| Complete 
| 506|0x0000000759e00000, 0x000000075a000000, 0x000000075a000000|100%|HC|  |TAMS 0x0000000759e00000, 0x0000000759e00000| Complete 
| 507|0x000000075a000000, 0x000000075a200000, 0x000000075a200000|100%|HC|  |TAMS 0x000000075a000000, 0x000000075a000000| Complete 
| 508|0x000000075a200000, 0x000000075a400000, 0x000000075a400000|100%|HC|  |TAMS 0x000000075a200000, 0x000000075a200000| Complete 
| 509|0x000000075a400000, 0x000000075a600000, 0x000000075a600000|100%|HC|  |TAMS 0x000000075a400000, 0x000000075a400000| Complete 
| 510|0x000000075a600000, 0x000000075a800000, 0x000000075a800000|100%|HC|  |TAMS 0x000000075a600000, 0x000000075a600000| Complete 
| 511|0x000000075a800000, 0x000000075aa00000, 0x000000075aa00000|100%|HC|  |TAMS 0x000000075a800000, 0x000000075a800000| Complete 
| 512|0x000000075aa00000, 0x000000075ac00000, 0x000000075ac00000|100%|HC|  |TAMS 0x000000075aa00000, 0x000000075aa00000| Complete 
| 513|0x000000075ac00000, 0x000000075ae00000, 0x000000075ae00000|100%|HC|  |TAMS 0x000000075ac00000, 0x000000075ac00000| Complete 
| 514|0x000000075ae00000, 0x000000075b000000, 0x000000075b000000|100%|HC|  |TAMS 0x000000075ae00000, 0x000000075ae00000| Complete 
| 515|0x000000075b000000, 0x000000075b200000, 0x000000075b200000|100%|HC|  |TAMS 0x000000075b000000, 0x000000075b000000| Complete 
| 516|0x000000075b200000, 0x000000075b400000, 0x000000075b400000|100%|HC|  |TAMS 0x000000075b200000, 0x000000075b200000| Complete 
| 517|0x000000075b400000, 0x000000075b600000, 0x000000075b600000|100%|HC|  |TAMS 0x000000075b400000, 0x000000075b400000| Complete 
| 518|0x000000075b600000, 0x000000075b800000, 0x000000075b800000|100%|HC|  |TAMS 0x000000075b600000, 0x000000075b600000| Complete 
| 519|0x000000075b800000, 0x000000075ba00000, 0x000000075ba00000|100%|HC|  |TAMS 0x000000075b800000, 0x000000075b800000| Complete 
| 520|0x000000075ba00000, 0x000000075bc00000, 0x000000075bc00000|100%|HC|  |TAMS 0x000000075ba00000, 0x000000075ba00000| Complete 
| 521|0x000000075bc00000, 0x000000075be00000, 0x000000075be00000|100%|HC|  |TAMS 0x000000075bc00000, 0x000000075bc00000| Complete 
| 522|0x000000075be00000, 0x000000075c000000, 0x000000075c000000|100%|HC|  |TAMS 0x000000075be00000, 0x000000075be00000| Complete 
| 523|0x000000075c000000, 0x000000075c200000, 0x000000075c200000|100%|HC|  |TAMS 0x000000075c000000, 0x000000075c000000| Complete 
| 524|0x000000075c200000, 0x000000075c400000, 0x000000075c400000|100%|HC|  |TAMS 0x000000075c200000, 0x000000075c200000| Complete 
| 525|0x000000075c400000, 0x000000075c600000, 0x000000075c600000|100%|HC|  |TAMS 0x000000075c400000, 0x000000075c400000| Complete 
| 526|0x000000075c600000, 0x000000075c800000, 0x000000075c800000|100%|HC|  |TAMS 0x000000075c600000, 0x000000075c600000| Complete 
| 527|0x000000075c800000, 0x000000075ca00000, 0x000000075ca00000|100%|HC|  |TAMS 0x000000075c800000, 0x000000075c800000| Complete 
| 528|0x000000075ca00000, 0x000000075cc00000, 0x000000075cc00000|100%|HC|  |TAMS 0x000000075ca00000, 0x000000075ca00000| Complete 
| 529|0x000000075cc00000, 0x000000075ce00000, 0x000000075ce00000|100%|HC|  |TAMS 0x000000075cc00000, 0x000000075cc00000| Complete 
| 530|0x000000075ce00000, 0x000000075d000000, 0x000000075d000000|100%|HC|  |TAMS 0x000000075ce00000, 0x000000075ce00000| Complete 
| 531|0x000000075d000000, 0x000000075d200000, 0x000000075d200000|100%|HC|  |TAMS 0x000000075d000000, 0x000000075d000000| Complete 
| 532|0x000000075d200000, 0x000000075d400000, 0x000000075d400000|100%|HC|  |TAMS 0x000000075d200000, 0x000000075d200000| Complete 
| 533|0x000000075d400000, 0x000000075d600000, 0x000000075d600000|100%|HC|  |TAMS 0x000000075d400000, 0x000000075d400000| Complete 
| 534|0x000000075d600000, 0x000000075d800000, 0x000000075d800000|100%|HC|  |TAMS 0x000000075d600000, 0x000000075d600000| Complete 
| 535|0x000000075d800000, 0x000000075da00000, 0x000000075da00000|100%|HC|  |TAMS 0x000000075d800000, 0x000000075d800000| Complete 
| 536|0x000000075da00000, 0x000000075dc00000, 0x000000075dc00000|100%|HC|  |TAMS 0x000000075da00000, 0x000000075da00000| Complete 
| 537|0x000000075dc00000, 0x000000075de00000, 0x000000075de00000|100%|HC|  |TAMS 0x000000075dc00000, 0x000000075dc00000| Complete 
| 538|0x000000075de00000, 0x000000075e000000, 0x000000075e000000|100%|HC|  |TAMS 0x000000075de00000, 0x000000075de00000| Complete 
| 539|0x000000075e000000, 0x000000075e200000, 0x000000075e200000|100%|HC|  |TAMS 0x000000075e000000, 0x000000075e000000| Complete 
| 540|0x000000075e200000, 0x000000075e400000, 0x000000075e400000|100%|HC|  |TAMS 0x000000075e200000, 0x000000075e200000| Complete 
| 541|0x000000075e400000, 0x000000075e600000, 0x000000075e600000|100%|HC|  |TAMS 0x000000075e400000, 0x000000075e400000| Complete 
| 542|0x000000075e600000, 0x000000075e800000, 0x000000075e800000|100%|HC|  |TAMS 0x000000075e600000, 0x000000075e600000| Complete 
| 543|0x000000075e800000, 0x000000075ea00000, 0x000000075ea00000|100%|HC|  |TAMS 0x000000075e800000, 0x000000075e800000| Complete 
| 544|0x000000075ea00000, 0x000000075ec00000, 0x000000075ec00000|100%|HC|  |TAMS 0x000000075ea00000, 0x000000075ea00000| Complete 
| 545|0x000000075ec00000, 0x000000075ee00000, 0x000000075ee00000|100%|HC|  |TAMS 0x000000075ec00000, 0x000000075ec00000| Complete 
| 546|0x000000075ee00000, 0x000000075f000000, 0x000000075f000000|100%|HC|  |TAMS 0x000000075ee00000, 0x000000075ee00000| Complete 
| 547|0x000000075f000000, 0x000000075f200000, 0x000000075f200000|100%|HC|  |TAMS 0x000000075f000000, 0x000000075f000000| Complete 
| 548|0x000000075f200000, 0x000000075f400000, 0x000000075f400000|100%|HC|  |TAMS 0x000000075f200000, 0x000000075f200000| Complete 
| 549|0x000000075f400000, 0x000000075f600000, 0x000000075f600000|100%|HC|  |TAMS 0x000000075f400000, 0x000000075f400000| Complete 
| 550|0x000000075f600000, 0x000000075f800000, 0x000000075f800000|100%|HC|  |TAMS 0x000000075f600000, 0x000000075f600000| Complete 
| 551|0x000000075f800000, 0x000000075fa00000, 0x000000075fa00000|100%|HC|  |TAMS 0x000000075f800000, 0x000000075f800000| Complete 
| 552|0x000000075fa00000, 0x000000075fc00000, 0x000000075fc00000|100%|HC|  |TAMS 0x000000075fa00000, 0x000000075fa00000| Complete 
| 553|0x000000075fc00000, 0x000000075fe00000, 0x000000075fe00000|100%|HC|  |TAMS 0x000000075fc00000, 0x000000075fc00000| Complete 
| 554|0x000000075fe00000, 0x0000000760000000, 0x0000000760000000|100%|HC|  |TAMS 0x000000075fe00000, 0x000000075fe00000| Complete 
| 555|0x0000000760000000, 0x0000000760200000, 0x0000000760200000|100%|HC|  |TAMS 0x0000000760000000, 0x0000000760000000| Complete 
| 556|0x0000000760200000, 0x0000000760400000, 0x0000000760400000|100%|HC|  |TAMS 0x0000000760200000, 0x0000000760200000| Complete 
| 557|0x0000000760400000, 0x0000000760600000, 0x0000000760600000|100%|HC|  |TAMS 0x0000000760400000, 0x0000000760400000| Complete 
| 558|0x0000000760600000, 0x0000000760800000, 0x0000000760800000|100%|HC|  |TAMS 0x0000000760600000, 0x0000000760600000| Complete 
| 559|0x0000000760800000, 0x0000000760a00000, 0x0000000760a00000|100%|HC|  |TAMS 0x0000000760800000, 0x0000000760800000| Complete 
| 560|0x0000000760a00000, 0x0000000760c00000, 0x0000000760c00000|100%|HC|  |TAMS 0x0000000760a00000, 0x0000000760a00000| Complete 
| 561|0x0000000760c00000, 0x0000000760e00000, 0x0000000760e00000|100%|HC|  |TAMS 0x0000000760c00000, 0x0000000760c00000| Complete 
| 562|0x0000000760e00000, 0x0000000761000000, 0x0000000761000000|100%|HC|  |TAMS 0x0000000760e00000, 0x0000000760e00000| Complete 
| 563|0x0000000761000000, 0x0000000761200000, 0x0000000761200000|100%|HC|  |TAMS 0x0000000761000000, 0x0000000761000000| Complete 
| 564|0x0000000761200000, 0x0000000761400000, 0x0000000761400000|100%|HC|  |TAMS 0x0000000761200000, 0x0000000761200000| Complete 
| 565|0x0000000761400000, 0x0000000761600000, 0x0000000761600000|100%|HC|  |TAMS 0x0000000761400000, 0x0000000761400000| Complete 
| 566|0x0000000761600000, 0x0000000761800000, 0x0000000761800000|100%|HC|  |TAMS 0x0000000761600000, 0x0000000761600000| Complete 
| 567|0x0000000761800000, 0x0000000761a00000, 0x0000000761a00000|100%|HC|  |TAMS 0x0000000761800000, 0x0000000761800000| Complete 
| 568|0x0000000761a00000, 0x0000000761c00000, 0x0000000761c00000|100%|HC|  |TAMS 0x0000000761a00000, 0x0000000761a00000| Complete 
| 569|0x0000000761c00000, 0x0000000761e00000, 0x0000000761e00000|100%|HC|  |TAMS 0x0000000761c00000, 0x0000000761c00000| Complete 
| 570|0x0000000761e00000, 0x0000000762000000, 0x0000000762000000|100%|HC|  |TAMS 0x0000000761e00000, 0x0000000761e00000| Complete 
| 571|0x0000000762000000, 0x0000000762200000, 0x0000000762200000|100%|HC|  |TAMS 0x0000000762000000, 0x0000000762000000| Complete 
| 572|0x0000000762200000, 0x0000000762400000, 0x0000000762400000|100%|HC|  |TAMS 0x0000000762200000, 0x0000000762200000| Complete 
| 573|0x0000000762400000, 0x0000000762600000, 0x0000000762600000|100%|HC|  |TAMS 0x0000000762400000, 0x0000000762400000| Complete 
| 574|0x0000000762600000, 0x0000000762800000, 0x0000000762800000|100%|HC|  |TAMS 0x0000000762600000, 0x0000000762600000| Complete 
| 575|0x0000000762800000, 0x0000000762a00000, 0x0000000762a00000|100%|HC|  |TAMS 0x0000000762800000, 0x0000000762800000| Complete 
| 576|0x0000000762a00000, 0x0000000762c00000, 0x0000000762c00000|100%|HC|  |TAMS 0x0000000762a00000, 0x0000000762a00000| Complete 
| 577|0x0000000762c00000, 0x0000000762e00000, 0x0000000762e00000|100%|HC|  |TAMS 0x0000000762c00000, 0x0000000762c00000| Complete 
| 578|0x0000000762e00000, 0x0000000763000000, 0x0000000763000000|100%|HC|  |TAMS 0x0000000762e00000, 0x0000000762e00000| Complete 
| 579|0x0000000763000000, 0x0000000763200000, 0x0000000763200000|100%|HC|  |TAMS 0x0000000763000000, 0x0000000763000000| Complete 
| 580|0x0000000763200000, 0x0000000763400000, 0x0000000763400000|100%|HC|  |TAMS 0x0000000763200000, 0x0000000763200000| Complete 
| 581|0x0000000763400000, 0x0000000763600000, 0x0000000763600000|100%|HC|  |TAMS 0x0000000763400000, 0x0000000763400000| Complete 
| 582|0x0000000763600000, 0x0000000763800000, 0x0000000763800000|100%|HC|  |TAMS 0x0000000763600000, 0x0000000763600000| Complete 
| 583|0x0000000763800000, 0x0000000763a00000, 0x0000000763a00000|100%|HC|  |TAMS 0x0000000763800000, 0x0000000763800000| Complete 
| 584|0x0000000763a00000, 0x0000000763c00000, 0x0000000763c00000|100%|HC|  |TAMS 0x0000000763a00000, 0x0000000763a00000| Complete 
| 585|0x0000000763c00000, 0x0000000763e00000, 0x0000000763e00000|100%|HC|  |TAMS 0x0000000763c00000, 0x0000000763c00000| Complete 
| 586|0x0000000763e00000, 0x0000000764000000, 0x0000000764000000|100%|HC|  |TAMS 0x0000000763e00000, 0x0000000763e00000| Complete 
| 587|0x0000000764000000, 0x0000000764200000, 0x0000000764200000|100%|HC|  |TAMS 0x0000000764000000, 0x0000000764000000| Complete 
| 588|0x0000000764200000, 0x0000000764400000, 0x0000000764400000|100%|HC|  |TAMS 0x0000000764200000, 0x0000000764200000| Complete 
| 589|0x0000000764400000, 0x0000000764600000, 0x0000000764600000|100%|HC|  |TAMS 0x0000000764400000, 0x0000000764400000| Complete 
| 590|0x0000000764600000, 0x0000000764800000, 0x0000000764800000|100%|HC|  |TAMS 0x0000000764600000, 0x0000000764600000| Complete 
| 591|0x0000000764800000, 0x0000000764a00000, 0x0000000764a00000|100%|HC|  |TAMS 0x0000000764800000, 0x0000000764800000| Complete 
| 592|0x0000000764a00000, 0x0000000764c00000, 0x0000000764c00000|100%|HC|  |TAMS 0x0000000764a00000, 0x0000000764a00000| Complete 
| 593|0x0000000764c00000, 0x0000000764e00000, 0x0000000764e00000|100%|HC|  |TAMS 0x0000000764c00000, 0x0000000764c00000| Complete 
| 594|0x0000000764e00000, 0x0000000765000000, 0x0000000765000000|100%|HC|  |TAMS 0x0000000764e00000, 0x0000000764e00000| Complete 
| 595|0x0000000765000000, 0x0000000765200000, 0x0000000765200000|100%|HC|  |TAMS 0x0000000765000000, 0x0000000765000000| Complete 
| 596|0x0000000765200000, 0x0000000765400000, 0x0000000765400000|100%|HC|  |TAMS 0x0000000765200000, 0x0000000765200000| Complete 
| 597|0x0000000765400000, 0x0000000765600000, 0x0000000765600000|100%|HC|  |TAMS 0x0000000765400000, 0x0000000765400000| Complete 
| 598|0x0000000765600000, 0x0000000765800000, 0x0000000765800000|100%|HC|  |TAMS 0x0000000765600000, 0x0000000765600000| Complete 
| 599|0x0000000765800000, 0x0000000765a00000, 0x0000000765a00000|100%|HC|  |TAMS 0x0000000765800000, 0x0000000765800000| Complete 
| 600|0x0000000765a00000, 0x0000000765c00000, 0x0000000765c00000|100%|HC|  |TAMS 0x0000000765a00000, 0x0000000765a00000| Complete 
| 601|0x0000000765c00000, 0x0000000765e00000, 0x0000000765e00000|100%|HC|  |TAMS 0x0000000765c00000, 0x0000000765c00000| Complete 
| 602|0x0000000765e00000, 0x0000000766000000, 0x0000000766000000|100%|HC|  |TAMS 0x0000000765e00000, 0x0000000765e00000| Complete 
| 603|0x0000000766000000, 0x0000000766200000, 0x0000000766200000|100%|HC|  |TAMS 0x0000000766000000, 0x0000000766000000| Complete 
| 604|0x0000000766200000, 0x0000000766400000, 0x0000000766400000|100%|HC|  |TAMS 0x0000000766200000, 0x0000000766200000| Complete 
| 605|0x0000000766400000, 0x0000000766600000, 0x0000000766600000|100%|HC|  |TAMS 0x0000000766400000, 0x0000000766400000| Complete 
| 606|0x0000000766600000, 0x0000000766800000, 0x0000000766800000|100%|HC|  |TAMS 0x0000000766600000, 0x0000000766600000| Complete 
| 607|0x0000000766800000, 0x0000000766a00000, 0x0000000766a00000|100%|HC|  |TAMS 0x0000000766800000, 0x0000000766800000| Complete 
| 608|0x0000000766a00000, 0x0000000766c00000, 0x0000000766c00000|100%|HC|  |TAMS 0x0000000766a00000, 0x0000000766a00000| Complete 
| 609|0x0000000766c00000, 0x0000000766e00000, 0x0000000766e00000|100%|HC|  |TAMS 0x0000000766c00000, 0x0000000766c00000| Complete 
| 610|0x0000000766e00000, 0x0000000767000000, 0x0000000767000000|100%|HC|  |TAMS 0x0000000766e00000, 0x0000000766e00000| Complete 
| 611|0x0000000767000000, 0x0000000767200000, 0x0000000767200000|100%|HC|  |TAMS 0x0000000767000000, 0x0000000767000000| Complete 
| 612|0x0000000767200000, 0x0000000767400000, 0x0000000767400000|100%|HC|  |TAMS 0x0000000767200000, 0x0000000767200000| Complete 
| 613|0x0000000767400000, 0x0000000767600000, 0x0000000767600000|100%|HC|  |TAMS 0x0000000767400000, 0x0000000767400000| Complete 
| 614|0x0000000767600000, 0x0000000767800000, 0x0000000767800000|100%|HC|  |TAMS 0x0000000767600000, 0x0000000767600000| Complete 
| 615|0x0000000767800000, 0x0000000767a00000, 0x0000000767a00000|100%|HC|  |TAMS 0x0000000767800000, 0x0000000767800000| Complete 
| 616|0x0000000767a00000, 0x0000000767c00000, 0x0000000767c00000|100%|HC|  |TAMS 0x0000000767a00000, 0x0000000767a00000| Complete 
| 617|0x0000000767c00000, 0x0000000767e00000, 0x0000000767e00000|100%|HC|  |TAMS 0x0000000767c00000, 0x0000000767c00000| Complete 
| 618|0x0000000767e00000, 0x0000000768000000, 0x0000000768000000|100%|HC|  |TAMS 0x0000000767e00000, 0x0000000767e00000| Complete 
| 619|0x0000000768000000, 0x0000000768200000, 0x0000000768200000|100%|HC|  |TAMS 0x0000000768000000, 0x0000000768000000| Complete 
| 620|0x0000000768200000, 0x0000000768400000, 0x0000000768400000|100%|HC|  |TAMS 0x0000000768200000, 0x0000000768200000| Complete 
| 621|0x0000000768400000, 0x0000000768600000, 0x0000000768600000|100%|HC|  |TAMS 0x0000000768400000, 0x0000000768400000| Complete 
| 622|0x0000000768600000, 0x0000000768800000, 0x0000000768800000|100%|HC|  |TAMS 0x0000000768600000, 0x0000000768600000| Complete 
| 623|0x0000000768800000, 0x0000000768a00000, 0x0000000768a00000|100%|HC|  |TAMS 0x0000000768800000, 0x0000000768800000| Complete 
| 624|0x0000000768a00000, 0x0000000768c00000, 0x0000000768c00000|100%|HC|  |TAMS 0x0000000768a00000, 0x0000000768a00000| Complete 
| 625|0x0000000768c00000, 0x0000000768e00000, 0x0000000768e00000|100%|HC|  |TAMS 0x0000000768c00000, 0x0000000768c00000| Complete 
| 626|0x0000000768e00000, 0x0000000769000000, 0x0000000769000000|100%|HC|  |TAMS 0x0000000768e00000, 0x0000000768e00000| Complete 
| 627|0x0000000769000000, 0x0000000769200000, 0x0000000769200000|100%|HC|  |TAMS 0x0000000769000000, 0x0000000769000000| Complete 
| 628|0x0000000769200000, 0x0000000769400000, 0x0000000769400000|100%|HC|  |TAMS 0x0000000769200000, 0x0000000769200000| Complete 
| 629|0x0000000769400000, 0x0000000769600000, 0x0000000769600000|100%|HC|  |TAMS 0x0000000769400000, 0x0000000769400000| Complete 
| 630|0x0000000769600000, 0x0000000769800000, 0x0000000769800000|100%|HC|  |TAMS 0x0000000769600000, 0x0000000769600000| Complete 
| 631|0x0000000769800000, 0x0000000769a00000, 0x0000000769a00000|100%|HC|  |TAMS 0x0000000769800000, 0x0000000769800000| Complete 
| 632|0x0000000769a00000, 0x0000000769c00000, 0x0000000769c00000|100%|HC|  |TAMS 0x0000000769a00000, 0x0000000769a00000| Complete 
| 633|0x0000000769c00000, 0x0000000769e00000, 0x0000000769e00000|100%|HC|  |TAMS 0x0000000769c00000, 0x0000000769c00000| Complete 
| 634|0x0000000769e00000, 0x000000076a000000, 0x000000076a000000|100%|HC|  |TAMS 0x0000000769e00000, 0x0000000769e00000| Complete 
| 635|0x000000076a000000, 0x000000076a200000, 0x000000076a200000|100%|HC|  |TAMS 0x000000076a000000, 0x000000076a000000| Complete 
| 636|0x000000076a200000, 0x000000076a400000, 0x000000076a400000|100%|HC|  |TAMS 0x000000076a200000, 0x000000076a200000| Complete 
| 637|0x000000076a400000, 0x000000076a600000, 0x000000076a600000|100%|HC|  |TAMS 0x000000076a400000, 0x000000076a400000| Complete 
| 638|0x000000076a600000, 0x000000076a800000, 0x000000076a800000|100%|HC|  |TAMS 0x000000076a600000, 0x000000076a600000| Complete 
| 639|0x000000076a800000, 0x000000076aa00000, 0x000000076aa00000|100%|HC|  |TAMS 0x000000076a800000, 0x000000076a800000| Complete 
| 640|0x000000076aa00000, 0x000000076ac00000, 0x000000076ac00000|100%|HC|  |TAMS 0x000000076aa00000, 0x000000076aa00000| Complete 
| 641|0x000000076ac00000, 0x000000076ae00000, 0x000000076ae00000|100%|HC|  |TAMS 0x000000076ac00000, 0x000000076ac00000| Complete 
| 642|0x000000076ae00000, 0x000000076b000000, 0x000000076b000000|100%|HC|  |TAMS 0x000000076ae00000, 0x000000076ae00000| Complete 
| 643|0x000000076b000000, 0x000000076b200000, 0x000000076b200000|100%|HC|  |TAMS 0x000000076b000000, 0x000000076b000000| Complete 
| 644|0x000000076b200000, 0x000000076b400000, 0x000000076b400000|100%|HC|  |TAMS 0x000000076b200000, 0x000000076b200000| Complete 
| 645|0x000000076b400000, 0x000000076b600000, 0x000000076b600000|100%|HC|  |TAMS 0x000000076b400000, 0x000000076b400000| Complete 
| 646|0x000000076b600000, 0x000000076b800000, 0x000000076b800000|100%|HC|  |TAMS 0x000000076b600000, 0x000000076b600000| Complete 
| 647|0x000000076b800000, 0x000000076ba00000, 0x000000076ba00000|100%|HC|  |TAMS 0x000000076b800000, 0x000000076b800000| Complete 
| 648|0x000000076ba00000, 0x000000076bc00000, 0x000000076bc00000|100%|HC|  |TAMS 0x000000076ba00000, 0x000000076ba00000| Complete 
| 649|0x000000076bc00000, 0x000000076be00000, 0x000000076be00000|100%|HC|  |TAMS 0x000000076bc00000, 0x000000076bc00000| Complete 
| 650|0x000000076be00000, 0x000000076c000000, 0x000000076c000000|100%|HC|  |TAMS 0x000000076be00000, 0x000000076be00000| Complete 
| 651|0x000000076c000000, 0x000000076c200000, 0x000000076c200000|100%|HC|  |TAMS 0x000000076c000000, 0x000000076c000000| Complete 
| 652|0x000000076c200000, 0x000000076c400000, 0x000000076c400000|100%|HC|  |TAMS 0x000000076c200000, 0x000000076c200000| Complete 
| 653|0x000000076c400000, 0x000000076c600000, 0x000000076c600000|100%|HC|  |TAMS 0x000000076c400000, 0x000000076c400000| Complete 
| 654|0x000000076c600000, 0x000000076c800000, 0x000000076c800000|100%|HC|  |TAMS 0x000000076c600000, 0x000000076c600000| Complete 
| 655|0x000000076c800000, 0x000000076ca00000, 0x000000076ca00000|100%|HC|  |TAMS 0x000000076c800000, 0x000000076c800000| Complete 
| 656|0x000000076ca00000, 0x000000076cc00000, 0x000000076cc00000|100%|HC|  |TAMS 0x000000076ca00000, 0x000000076ca00000| Complete 
| 657|0x000000076cc00000, 0x000000076ce00000, 0x000000076ce00000|100%|HC|  |TAMS 0x000000076cc00000, 0x000000076cc00000| Complete 
| 658|0x000000076ce00000, 0x000000076d000000, 0x000000076d000000|100%|HC|  |TAMS 0x000000076ce00000, 0x000000076ce00000| Complete 
| 659|0x000000076d000000, 0x000000076d200000, 0x000000076d200000|100%|HC|  |TAMS 0x000000076d000000, 0x000000076d000000| Complete 
| 660|0x000000076d200000, 0x000000076d400000, 0x000000076d400000|100%|HC|  |TAMS 0x000000076d200000, 0x000000076d200000| Complete 
| 661|0x000000076d400000, 0x000000076d600000, 0x000000076d600000|100%|HC|  |TAMS 0x000000076d400000, 0x000000076d400000| Complete 
| 662|0x000000076d600000, 0x000000076d800000, 0x000000076d800000|100%|HC|  |TAMS 0x000000076d600000, 0x000000076d600000| Complete 
| 663|0x000000076d800000, 0x000000076da00000, 0x000000076da00000|100%|HC|  |TAMS 0x000000076d800000, 0x000000076d800000| Complete 
| 664|0x000000076da00000, 0x000000076dc00000, 0x000000076dc00000|100%|HC|  |TAMS 0x000000076da00000, 0x000000076da00000| Complete 
| 665|0x000000076dc00000, 0x000000076de00000, 0x000000076de00000|100%|HC|  |TAMS 0x000000076dc00000, 0x000000076dc00000| Complete 
| 666|0x000000076de00000, 0x000000076e000000, 0x000000076e000000|100%|HC|  |TAMS 0x000000076de00000, 0x000000076de00000| Complete 
| 667|0x000000076e000000, 0x000000076e200000, 0x000000076e200000|100%|HC|  |TAMS 0x000000076e000000, 0x000000076e000000| Complete 
| 668|0x000000076e200000, 0x000000076e400000, 0x000000076e400000|100%|HC|  |TAMS 0x000000076e200000, 0x000000076e200000| Complete 
| 669|0x000000076e400000, 0x000000076e600000, 0x000000076e600000|100%|HC|  |TAMS 0x000000076e400000, 0x000000076e400000| Complete 
| 670|0x000000076e600000, 0x000000076e800000, 0x000000076e800000|100%|HC|  |TAMS 0x000000076e600000, 0x000000076e600000| Complete 
| 671|0x000000076e800000, 0x000000076ea00000, 0x000000076ea00000|100%|HC|  |TAMS 0x000000076e800000, 0x000000076e800000| Complete 
| 672|0x000000076ea00000, 0x000000076ec00000, 0x000000076ec00000|100%|HC|  |TAMS 0x000000076ea00000, 0x000000076ea00000| Complete 
| 673|0x000000076ec00000, 0x000000076ee00000, 0x000000076ee00000|100%|HC|  |TAMS 0x000000076ec00000, 0x000000076ec00000| Complete 
| 674|0x000000076ee00000, 0x000000076f000000, 0x000000076f000000|100%|HC|  |TAMS 0x000000076ee00000, 0x000000076ee00000| Complete 
| 675|0x000000076f000000, 0x000000076f200000, 0x000000076f200000|100%|HC|  |TAMS 0x000000076f000000, 0x000000076f000000| Complete 
| 676|0x000000076f200000, 0x000000076f400000, 0x000000076f400000|100%|HC|  |TAMS 0x000000076f200000, 0x000000076f200000| Complete 
| 677|0x000000076f400000, 0x000000076f600000, 0x000000076f600000|100%|HC|  |TAMS 0x000000076f400000, 0x000000076f400000| Complete 
| 678|0x000000076f600000, 0x000000076f800000, 0x000000076f800000|100%|HC|  |TAMS 0x000000076f600000, 0x000000076f600000| Complete 
| 679|0x000000076f800000, 0x000000076fa00000, 0x000000076fa00000|100%|HC|  |TAMS 0x000000076f800000, 0x000000076f800000| Complete 
| 680|0x000000076fa00000, 0x000000076fc00000, 0x000000076fc00000|100%|HC|  |TAMS 0x000000076fa00000, 0x000000076fa00000| Complete 
| 681|0x000000076fc00000, 0x000000076fe00000, 0x000000076fe00000|100%|HC|  |TAMS 0x000000076fc00000, 0x000000076fc00000| Complete 
| 682|0x000000076fe00000, 0x0000000770000000, 0x0000000770000000|100%|HC|  |TAMS 0x000000076fe00000, 0x000000076fe00000| Complete 
| 683|0x0000000770000000, 0x0000000770200000, 0x0000000770200000|100%|HC|  |TAMS 0x0000000770000000, 0x0000000770000000| Complete 
| 684|0x0000000770200000, 0x0000000770400000, 0x0000000770400000|100%|HC|  |TAMS 0x0000000770200000, 0x0000000770200000| Complete 
| 685|0x0000000770400000, 0x0000000770600000, 0x0000000770600000|100%|HC|  |TAMS 0x0000000770400000, 0x0000000770400000| Complete 
| 686|0x0000000770600000, 0x0000000770800000, 0x0000000770800000|100%|HC|  |TAMS 0x0000000770600000, 0x0000000770600000| Complete 
| 687|0x0000000770800000, 0x0000000770a00000, 0x0000000770a00000|100%|HC|  |TAMS 0x0000000770800000, 0x0000000770800000| Complete 
| 688|0x0000000770a00000, 0x0000000770c00000, 0x0000000770c00000|100%|HC|  |TAMS 0x0000000770a00000, 0x0000000770a00000| Complete 
| 689|0x0000000770c00000, 0x0000000770e00000, 0x0000000770e00000|100%|HC|  |TAMS 0x0000000770c00000, 0x0000000770c00000| Complete 
| 690|0x0000000770e00000, 0x0000000771000000, 0x0000000771000000|100%|HC|  |TAMS 0x0000000770e00000, 0x0000000770e00000| Complete 
| 691|0x0000000771000000, 0x0000000771200000, 0x0000000771200000|100%|HC|  |TAMS 0x0000000771000000, 0x0000000771000000| Complete 
| 692|0x0000000771200000, 0x0000000771400000, 0x0000000771400000|100%|HC|  |TAMS 0x0000000771200000, 0x0000000771200000| Complete 
| 693|0x0000000771400000, 0x0000000771600000, 0x0000000771600000|100%|HC|  |TAMS 0x0000000771400000, 0x0000000771400000| Complete 
| 694|0x0000000771600000, 0x0000000771800000, 0x0000000771800000|100%|HC|  |TAMS 0x0000000771600000, 0x0000000771600000| Complete 
| 695|0x0000000771800000, 0x0000000771a00000, 0x0000000771a00000|100%|HC|  |TAMS 0x0000000771800000, 0x0000000771800000| Complete 
| 696|0x0000000771a00000, 0x0000000771c00000, 0x0000000771c00000|100%|HC|  |TAMS 0x0000000771a00000, 0x0000000771a00000| Complete 
| 697|0x0000000771c00000, 0x0000000771e00000, 0x0000000771e00000|100%|HC|  |TAMS 0x0000000771c00000, 0x0000000771c00000| Complete 
| 698|0x0000000771e00000, 0x0000000772000000, 0x0000000772000000|100%|HC|  |TAMS 0x0000000771e00000, 0x0000000771e00000| Complete 
| 699|0x0000000772000000, 0x0000000772200000, 0x0000000772200000|100%|HC|  |TAMS 0x0000000772000000, 0x0000000772000000| Complete 
| 700|0x0000000772200000, 0x0000000772400000, 0x0000000772400000|100%|HC|  |TAMS 0x0000000772200000, 0x0000000772200000| Complete 
| 701|0x0000000772400000, 0x0000000772600000, 0x0000000772600000|100%|HC|  |TAMS 0x0000000772400000, 0x0000000772400000| Complete 
| 702|0x0000000772600000, 0x0000000772800000, 0x0000000772800000|100%|HC|  |TAMS 0x0000000772600000, 0x0000000772600000| Complete 
| 703|0x0000000772800000, 0x0000000772a00000, 0x0000000772a00000|100%|HC|  |TAMS 0x0000000772800000, 0x0000000772800000| Complete 
| 704|0x0000000772a00000, 0x0000000772c00000, 0x0000000772c00000|100%|HC|  |TAMS 0x0000000772a00000, 0x0000000772a00000| Complete 
| 705|0x0000000772c00000, 0x0000000772e00000, 0x0000000772e00000|100%|HC|  |TAMS 0x0000000772c00000, 0x0000000772c00000| Complete 
| 706|0x0000000772e00000, 0x0000000773000000, 0x0000000773000000|100%|HC|  |TAMS 0x0000000772e00000, 0x0000000772e00000| Complete 
| 707|0x0000000773000000, 0x0000000773200000, 0x0000000773200000|100%|HC|  |TAMS 0x0000000773000000, 0x0000000773000000| Complete 
| 708|0x0000000773200000, 0x0000000773400000, 0x0000000773400000|100%|HC|  |TAMS 0x0000000773200000, 0x0000000773200000| Complete 
| 709|0x0000000773400000, 0x0000000773600000, 0x0000000773600000|100%|HC|  |TAMS 0x0000000773400000, 0x0000000773400000| Complete 
| 710|0x0000000773600000, 0x0000000773800000, 0x0000000773800000|100%|HC|  |TAMS 0x0000000773600000, 0x0000000773600000| Complete 
| 711|0x0000000773800000, 0x0000000773a00000, 0x0000000773a00000|100%|HC|  |TAMS 0x0000000773800000, 0x0000000773800000| Complete 
| 712|0x0000000773a00000, 0x0000000773c00000, 0x0000000773c00000|100%|HC|  |TAMS 0x0000000773a00000, 0x0000000773a00000| Complete 
| 713|0x0000000773c00000, 0x0000000773e00000, 0x0000000773e00000|100%|HC|  |TAMS 0x0000000773c00000, 0x0000000773c00000| Complete 
| 714|0x0000000773e00000, 0x0000000774000000, 0x0000000774000000|100%|HC|  |TAMS 0x0000000773e00000, 0x0000000773e00000| Complete 
| 715|0x0000000774000000, 0x0000000774200000, 0x0000000774200000|100%|HC|  |TAMS 0x0000000774000000, 0x0000000774000000| Complete 
| 716|0x0000000774200000, 0x0000000774400000, 0x0000000774400000|100%|HC|  |TAMS 0x0000000774200000, 0x0000000774200000| Complete 
| 717|0x0000000774400000, 0x0000000774600000, 0x0000000774600000|100%|HC|  |TAMS 0x0000000774400000, 0x0000000774400000| Complete 
| 718|0x0000000774600000, 0x0000000774800000, 0x0000000774800000|100%|HC|  |TAMS 0x0000000774600000, 0x0000000774600000| Complete 
| 719|0x0000000774800000, 0x0000000774a00000, 0x0000000774a00000|100%|HC|  |TAMS 0x0000000774800000, 0x0000000774800000| Complete 
| 720|0x0000000774a00000, 0x0000000774c00000, 0x0000000774c00000|100%|HC|  |TAMS 0x0000000774a00000, 0x0000000774a00000| Complete 
| 721|0x0000000774c00000, 0x0000000774e00000, 0x0000000774e00000|100%|HC|  |TAMS 0x0000000774c00000, 0x0000000774c00000| Complete 
| 722|0x0000000774e00000, 0x0000000775000000, 0x0000000775000000|100%|HC|  |TAMS 0x0000000774e00000, 0x0000000774e00000| Complete 
| 723|0x0000000775000000, 0x0000000775200000, 0x0000000775200000|100%|HC|  |TAMS 0x0000000775000000, 0x0000000775000000| Complete 
| 724|0x0000000775200000, 0x0000000775400000, 0x0000000775400000|100%|HC|  |TAMS 0x0000000775200000, 0x0000000775200000| Complete 
| 725|0x0000000775400000, 0x0000000775600000, 0x0000000775600000|100%|HC|  |TAMS 0x0000000775400000, 0x0000000775400000| Complete 
| 726|0x0000000775600000, 0x0000000775800000, 0x0000000775800000|100%|HC|  |TAMS 0x0000000775600000, 0x0000000775600000| Complete 
| 727|0x0000000775800000, 0x0000000775a00000, 0x0000000775a00000|100%|HC|  |TAMS 0x0000000775800000, 0x0000000775800000| Complete 
| 728|0x0000000775a00000, 0x0000000775c00000, 0x0000000775c00000|100%|HC|  |TAMS 0x0000000775a00000, 0x0000000775a00000| Complete 
| 729|0x0000000775c00000, 0x0000000775e00000, 0x0000000775e00000|100%|HC|  |TAMS 0x0000000775c00000, 0x0000000775c00000| Complete 
| 730|0x0000000775e00000, 0x0000000776000000, 0x0000000776000000|100%|HC|  |TAMS 0x0000000775e00000, 0x0000000775e00000| Complete 
| 731|0x0000000776000000, 0x0000000776200000, 0x0000000776200000|100%|HC|  |TAMS 0x0000000776000000, 0x0000000776000000| Complete 
| 732|0x0000000776200000, 0x0000000776400000, 0x0000000776400000|100%|HC|  |TAMS 0x0000000776200000, 0x0000000776200000| Complete 
| 733|0x0000000776400000, 0x0000000776600000, 0x0000000776600000|100%|HC|  |TAMS 0x0000000776400000, 0x0000000776400000| Complete 
| 734|0x0000000776600000, 0x0000000776800000, 0x0000000776800000|100%|HC|  |TAMS 0x0000000776600000, 0x0000000776600000| Complete 
| 735|0x0000000776800000, 0x0000000776a00000, 0x0000000776a00000|100%|HC|  |TAMS 0x0000000776800000, 0x0000000776800000| Complete 
| 736|0x0000000776a00000, 0x0000000776c00000, 0x0000000776c00000|100%|HC|  |TAMS 0x0000000776a00000, 0x0000000776a00000| Complete 
| 737|0x0000000776c00000, 0x0000000776e00000, 0x0000000776e00000|100%|HC|  |TAMS 0x0000000776c00000, 0x0000000776c00000| Complete 
| 738|0x0000000776e00000, 0x0000000777000000, 0x0000000777000000|100%|HC|  |TAMS 0x0000000776e00000, 0x0000000776e00000| Complete 
| 739|0x0000000777000000, 0x0000000777200000, 0x0000000777200000|100%|HC|  |TAMS 0x0000000777000000, 0x0000000777000000| Complete 
| 740|0x0000000777200000, 0x0000000777400000, 0x0000000777400000|100%|HC|  |TAMS 0x0000000777200000, 0x0000000777200000| Complete 
| 741|0x0000000777400000, 0x0000000777600000, 0x0000000777600000|100%|HC|  |TAMS 0x0000000777400000, 0x0000000777400000| Complete 
| 742|0x0000000777600000, 0x0000000777800000, 0x0000000777800000|100%|HC|  |TAMS 0x0000000777600000, 0x0000000777600000| Complete 
| 743|0x0000000777800000, 0x0000000777a00000, 0x0000000777a00000|100%|HC|  |TAMS 0x0000000777800000, 0x0000000777800000| Complete 
| 744|0x0000000777a00000, 0x0000000777c00000, 0x0000000777c00000|100%|HC|  |TAMS 0x0000000777a00000, 0x0000000777a00000| Complete 
| 745|0x0000000777c00000, 0x0000000777e00000, 0x0000000777e00000|100%|HC|  |TAMS 0x0000000777c00000, 0x0000000777c00000| Complete 
| 746|0x0000000777e00000, 0x0000000778000000, 0x0000000778000000|100%|HC|  |TAMS 0x0000000777e00000, 0x0000000777e00000| Complete 
| 747|0x0000000778000000, 0x0000000778200000, 0x0000000778200000|100%|HC|  |TAMS 0x0000000778000000, 0x0000000778000000| Complete 
| 748|0x0000000778200000, 0x0000000778400000, 0x0000000778400000|100%|HC|  |TAMS 0x0000000778200000, 0x0000000778200000| Complete 
| 749|0x0000000778400000, 0x0000000778600000, 0x0000000778600000|100%|HC|  |TAMS 0x0000000778400000, 0x0000000778400000| Complete 
| 750|0x0000000778600000, 0x0000000778800000, 0x0000000778800000|100%|HC|  |TAMS 0x0000000778600000, 0x0000000778600000| Complete 
| 751|0x0000000778800000, 0x0000000778a00000, 0x0000000778a00000|100%|HC|  |TAMS 0x0000000778800000, 0x0000000778800000| Complete 
| 752|0x0000000778a00000, 0x0000000778c00000, 0x0000000778c00000|100%|HC|  |TAMS 0x0000000778a00000, 0x0000000778a00000| Complete 
| 753|0x0000000778c00000, 0x0000000778e00000, 0x0000000778e00000|100%|HC|  |TAMS 0x0000000778c00000, 0x0000000778c00000| Complete 
| 754|0x0000000778e00000, 0x0000000779000000, 0x0000000779000000|100%|HC|  |TAMS 0x0000000778e00000, 0x0000000778e00000| Complete 
| 755|0x0000000779000000, 0x0000000779200000, 0x0000000779200000|100%|HC|  |TAMS 0x0000000779000000, 0x0000000779000000| Complete 
| 756|0x0000000779200000, 0x0000000779400000, 0x0000000779400000|100%|HC|  |TAMS 0x0000000779200000, 0x0000000779200000| Complete 
| 757|0x0000000779400000, 0x0000000779600000, 0x0000000779600000|100%|HC|  |TAMS 0x0000000779400000, 0x0000000779400000| Complete 
| 758|0x0000000779600000, 0x0000000779800000, 0x0000000779800000|100%|HC|  |TAMS 0x0000000779600000, 0x0000000779600000| Complete 
| 759|0x0000000779800000, 0x0000000779a00000, 0x0000000779a00000|100%|HC|  |TAMS 0x0000000779800000, 0x0000000779800000| Complete 
| 760|0x0000000779a00000, 0x0000000779c00000, 0x0000000779c00000|100%|HC|  |TAMS 0x0000000779a00000, 0x0000000779a00000| Complete 
| 761|0x0000000779c00000, 0x0000000779e00000, 0x0000000779e00000|100%|HC|  |TAMS 0x0000000779c00000, 0x0000000779c00000| Complete 
| 762|0x0000000779e00000, 0x000000077a000000, 0x000000077a000000|100%|HC|  |TAMS 0x0000000779e00000, 0x0000000779e00000| Complete 
| 763|0x000000077a000000, 0x000000077a200000, 0x000000077a200000|100%|HC|  |TAMS 0x000000077a000000, 0x000000077a000000| Complete 
| 764|0x000000077a200000, 0x000000077a400000, 0x000000077a400000|100%|HC|  |TAMS 0x000000077a200000, 0x000000077a200000| Complete 
| 765|0x000000077a400000, 0x000000077a600000, 0x000000077a600000|100%|HC|  |TAMS 0x000000077a400000, 0x000000077a400000| Complete 
| 766|0x000000077a600000, 0x000000077a800000, 0x000000077a800000|100%|HC|  |TAMS 0x000000077a600000, 0x000000077a600000| Complete 
| 767|0x000000077a800000, 0x000000077aa00000, 0x000000077aa00000|100%|HC|  |TAMS 0x000000077a800000, 0x000000077a800000| Complete 
| 768|0x000000077aa00000, 0x000000077ac00000, 0x000000077ac00000|100%|HC|  |TAMS 0x000000077aa00000, 0x000000077aa00000| Complete 
| 769|0x000000077ac00000, 0x000000077ae00000, 0x000000077ae00000|100%|HC|  |TAMS 0x000000077ac00000, 0x000000077ac00000| Complete 
| 770|0x000000077ae00000, 0x000000077b000000, 0x000000077b000000|100%|HC|  |TAMS 0x000000077ae00000, 0x000000077ae00000| Complete 
| 771|0x000000077b000000, 0x000000077b200000, 0x000000077b200000|100%|HC|  |TAMS 0x000000077b000000, 0x000000077b000000| Complete 
| 772|0x000000077b200000, 0x000000077b400000, 0x000000077b400000|100%|HC|  |TAMS 0x000000077b200000, 0x000000077b200000| Complete 
| 773|0x000000077b400000, 0x000000077b600000, 0x000000077b600000|100%|HC|  |TAMS 0x000000077b400000, 0x000000077b400000| Complete 
| 774|0x000000077b600000, 0x000000077b800000, 0x000000077b800000|100%|HC|  |TAMS 0x000000077b600000, 0x000000077b600000| Complete 
| 775|0x000000077b800000, 0x000000077ba00000, 0x000000077ba00000|100%|HC|  |TAMS 0x000000077b800000, 0x000000077b800000| Complete 
| 776|0x000000077ba00000, 0x000000077bc00000, 0x000000077bc00000|100%|HC|  |TAMS 0x000000077ba00000, 0x000000077ba00000| Complete 
| 777|0x000000077bc00000, 0x000000077be00000, 0x000000077be00000|100%|HC|  |TAMS 0x000000077bc00000, 0x000000077bc00000| Complete 
| 778|0x000000077be00000, 0x000000077c000000, 0x000000077c000000|100%|HC|  |TAMS 0x000000077be00000, 0x000000077be00000| Complete 
| 779|0x000000077c000000, 0x000000077c200000, 0x000000077c200000|100%|HC|  |TAMS 0x000000077c000000, 0x000000077c000000| Complete 
| 780|0x000000077c200000, 0x000000077c400000, 0x000000077c400000|100%|HC|  |TAMS 0x000000077c200000, 0x000000077c200000| Complete 
| 781|0x000000077c400000, 0x000000077c600000, 0x000000077c600000|100%|HC|  |TAMS 0x000000077c400000, 0x000000077c400000| Complete 
| 782|0x000000077c600000, 0x000000077c800000, 0x000000077c800000|100%|HC|  |TAMS 0x000000077c600000, 0x000000077c600000| Complete 
| 783|0x000000077c800000, 0x000000077ca00000, 0x000000077ca00000|100%|HC|  |TAMS 0x000000077c800000, 0x000000077c800000| Complete 
| 784|0x000000077ca00000, 0x000000077cc00000, 0x000000077cc00000|100%|HC|  |TAMS 0x000000077ca00000, 0x000000077ca00000| Complete 
| 785|0x000000077cc00000, 0x000000077ce00000, 0x000000077ce00000|100%|HC|  |TAMS 0x000000077cc00000, 0x000000077cc00000| Complete 
| 786|0x000000077ce00000, 0x000000077d000000, 0x000000077d000000|100%|HC|  |TAMS 0x000000077ce00000, 0x000000077ce00000| Complete 
| 787|0x000000077d000000, 0x000000077d200000, 0x000000077d200000|100%|HC|  |TAMS 0x000000077d000000, 0x000000077d000000| Complete 
| 788|0x000000077d200000, 0x000000077d400000, 0x000000077d400000|100%|HC|  |TAMS 0x000000077d200000, 0x000000077d200000| Complete 
| 789|0x000000077d400000, 0x000000077d600000, 0x000000077d600000|100%|HC|  |TAMS 0x000000077d400000, 0x000000077d400000| Complete 
| 790|0x000000077d600000, 0x000000077d800000, 0x000000077d800000|100%|HC|  |TAMS 0x000000077d600000, 0x000000077d600000| Complete 
| 791|0x000000077d800000, 0x000000077da00000, 0x000000077da00000|100%|HC|  |TAMS 0x000000077d800000, 0x000000077d800000| Complete 
| 792|0x000000077da00000, 0x000000077dc00000, 0x000000077dc00000|100%|HC|  |TAMS 0x000000077da00000, 0x000000077da00000| Complete 
| 793|0x000000077dc00000, 0x000000077de00000, 0x000000077de00000|100%|HC|  |TAMS 0x000000077dc00000, 0x000000077dc00000| Complete 
| 794|0x000000077de00000, 0x000000077e000000, 0x000000077e000000|100%|HC|  |TAMS 0x000000077de00000, 0x000000077de00000| Complete 
| 795|0x000000077e000000, 0x000000077e200000, 0x000000077e200000|100%|HC|  |TAMS 0x000000077e000000, 0x000000077e000000| Complete 
| 796|0x000000077e200000, 0x000000077e400000, 0x000000077e400000|100%|HC|  |TAMS 0x000000077e200000, 0x000000077e200000| Complete 
| 797|0x000000077e400000, 0x000000077e600000, 0x000000077e600000|100%|HC|  |TAMS 0x000000077e400000, 0x000000077e400000| Complete 
| 798|0x000000077e600000, 0x000000077e800000, 0x000000077e800000|100%|HC|  |TAMS 0x000000077e600000, 0x000000077e600000| Complete 
| 799|0x000000077e800000, 0x000000077ea00000, 0x000000077ea00000|100%|HC|  |TAMS 0x000000077e800000, 0x000000077e800000| Complete 
| 800|0x000000077ea00000, 0x000000077ec00000, 0x000000077ec00000|100%|HC|  |TAMS 0x000000077ea00000, 0x000000077ea00000| Complete 
| 801|0x000000077ec00000, 0x000000077ee00000, 0x000000077ee00000|100%|HC|  |TAMS 0x000000077ec00000, 0x000000077ec00000| Complete 
| 802|0x000000077ee00000, 0x000000077f000000, 0x000000077f000000|100%|HC|  |TAMS 0x000000077ee00000, 0x000000077ee00000| Complete 
| 803|0x000000077f000000, 0x000000077f200000, 0x000000077f200000|100%|HC|  |TAMS 0x000000077f000000, 0x000000077f000000| Complete 
| 804|0x000000077f200000, 0x000000077f400000, 0x000000077f400000|100%|HC|  |TAMS 0x000000077f200000, 0x000000077f200000| Complete 
| 805|0x000000077f400000, 0x000000077f600000, 0x000000077f600000|100%|HC|  |TAMS 0x000000077f400000, 0x000000077f400000| Complete 
| 806|0x000000077f600000, 0x000000077f800000, 0x000000077f800000|100%|HC|  |TAMS 0x000000077f600000, 0x000000077f600000| Complete 
| 807|0x000000077f800000, 0x000000077fa00000, 0x000000077fa00000|100%|HC|  |TAMS 0x000000077f800000, 0x000000077f800000| Complete 
| 808|0x000000077fa00000, 0x000000077fc00000, 0x000000077fc00000|100%|HC|  |TAMS 0x000000077fa00000, 0x000000077fa00000| Complete 
| 809|0x000000077fc00000, 0x000000077fe00000, 0x000000077fe00000|100%|HC|  |TAMS 0x000000077fc00000, 0x000000077fc00000| Complete 
| 810|0x000000077fe00000, 0x0000000780000000, 0x0000000780000000|100%|HC|  |TAMS 0x000000077fe00000, 0x000000077fe00000| Complete 
| 811|0x0000000780000000, 0x0000000780200000, 0x0000000780200000|100%|HC|  |TAMS 0x0000000780000000, 0x0000000780000000| Complete 
| 812|0x0000000780200000, 0x0000000780400000, 0x0000000780400000|100%|HC|  |TAMS 0x0000000780200000, 0x0000000780200000| Complete 
| 813|0x0000000780400000, 0x0000000780600000, 0x0000000780600000|100%|HC|  |TAMS 0x0000000780400000, 0x0000000780400000| Complete 
| 814|0x0000000780600000, 0x0000000780800000, 0x0000000780800000|100%|HC|  |TAMS 0x0000000780600000, 0x0000000780600000| Complete 
| 815|0x0000000780800000, 0x0000000780a00000, 0x0000000780a00000|100%|HC|  |TAMS 0x0000000780800000, 0x0000000780800000| Complete 
| 816|0x0000000780a00000, 0x0000000780c00000, 0x0000000780c00000|100%|HC|  |TAMS 0x0000000780a00000, 0x0000000780a00000| Complete 
| 817|0x0000000780c00000, 0x0000000780e00000, 0x0000000780e00000|100%|HC|  |TAMS 0x0000000780c00000, 0x0000000780c00000| Complete 
| 818|0x0000000780e00000, 0x0000000781000000, 0x0000000781000000|100%|HC|  |TAMS 0x0000000780e00000, 0x0000000780e00000| Complete 
| 819|0x0000000781000000, 0x0000000781200000, 0x0000000781200000|100%|HC|  |TAMS 0x0000000781000000, 0x0000000781000000| Complete 
| 820|0x0000000781200000, 0x0000000781400000, 0x0000000781400000|100%|HC|  |TAMS 0x0000000781200000, 0x0000000781200000| Complete 
| 821|0x0000000781400000, 0x0000000781600000, 0x0000000781600000|100%|HC|  |TAMS 0x0000000781400000, 0x0000000781400000| Complete 
| 822|0x0000000781600000, 0x0000000781800000, 0x0000000781800000|100%|HC|  |TAMS 0x0000000781600000, 0x0000000781600000| Complete 
| 823|0x0000000781800000, 0x0000000781a00000, 0x0000000781a00000|100%|HC|  |TAMS 0x0000000781800000, 0x0000000781800000| Complete 
| 824|0x0000000781a00000, 0x0000000781c00000, 0x0000000781c00000|100%|HC|  |TAMS 0x0000000781a00000, 0x0000000781a00000| Complete 
| 825|0x0000000781c00000, 0x0000000781e00000, 0x0000000781e00000|100%|HC|  |TAMS 0x0000000781c00000, 0x0000000781c00000| Complete 
| 826|0x0000000781e00000, 0x0000000782000000, 0x0000000782000000|100%|HC|  |TAMS 0x0000000781e00000, 0x0000000781e00000| Complete 
| 827|0x0000000782000000, 0x0000000782200000, 0x0000000782200000|100%|HC|  |TAMS 0x0000000782000000, 0x0000000782000000| Complete 
| 828|0x0000000782200000, 0x0000000782400000, 0x0000000782400000|100%|HC|  |TAMS 0x0000000782200000, 0x0000000782200000| Complete 
| 829|0x0000000782400000, 0x0000000782600000, 0x0000000782600000|100%|HC|  |TAMS 0x0000000782400000, 0x0000000782400000| Complete 
| 830|0x0000000782600000, 0x0000000782800000, 0x0000000782800000|100%|HC|  |TAMS 0x0000000782600000, 0x0000000782600000| Complete 
| 831|0x0000000782800000, 0x0000000782a00000, 0x0000000782a00000|100%|HC|  |TAMS 0x0000000782800000, 0x0000000782800000| Complete 
| 832|0x0000000782a00000, 0x0000000782c00000, 0x0000000782c00000|100%|HC|  |TAMS 0x0000000782a00000, 0x0000000782a00000| Complete 
| 833|0x0000000782c00000, 0x0000000782e00000, 0x0000000782e00000|100%|HC|  |TAMS 0x0000000782c00000, 0x0000000782c00000| Complete 
| 834|0x0000000782e00000, 0x0000000783000000, 0x0000000783000000|100%|HC|  |TAMS 0x0000000782e00000, 0x0000000782e00000| Complete 
| 835|0x0000000783000000, 0x0000000783200000, 0x0000000783200000|100%|HC|  |TAMS 0x0000000783000000, 0x0000000783000000| Complete 
| 836|0x0000000783200000, 0x0000000783400000, 0x0000000783400000|100%|HC|  |TAMS 0x0000000783200000, 0x0000000783200000| Complete 
| 837|0x0000000783400000, 0x0000000783600000, 0x0000000783600000|100%|HC|  |TAMS 0x0000000783400000, 0x0000000783400000| Complete 
| 838|0x0000000783600000, 0x0000000783800000, 0x0000000783800000|100%|HC|  |TAMS 0x0000000783600000, 0x0000000783600000| Complete 
| 839|0x0000000783800000, 0x0000000783a00000, 0x0000000783a00000|100%|HC|  |TAMS 0x0000000783800000, 0x0000000783800000| Complete 
| 840|0x0000000783a00000, 0x0000000783c00000, 0x0000000783c00000|100%|HC|  |TAMS 0x0000000783a00000, 0x0000000783a00000| Complete 
| 841|0x0000000783c00000, 0x0000000783e00000, 0x0000000783e00000|100%|HC|  |TAMS 0x0000000783c00000, 0x0000000783c00000| Complete 
| 842|0x0000000783e00000, 0x0000000784000000, 0x0000000784000000|100%|HC|  |TAMS 0x0000000783e00000, 0x0000000783e00000| Complete 
| 843|0x0000000784000000, 0x0000000784200000, 0x0000000784200000|100%|HC|  |TAMS 0x0000000784000000, 0x0000000784000000| Complete 
| 844|0x0000000784200000, 0x0000000784400000, 0x0000000784400000|100%|HC|  |TAMS 0x0000000784200000, 0x0000000784200000| Complete 
| 845|0x0000000784400000, 0x0000000784600000, 0x0000000784600000|100%|HC|  |TAMS 0x0000000784400000, 0x0000000784400000| Complete 
| 846|0x0000000784600000, 0x0000000784800000, 0x0000000784800000|100%|HC|  |TAMS 0x0000000784600000, 0x0000000784600000| Complete 
| 847|0x0000000784800000, 0x0000000784a00000, 0x0000000784a00000|100%|HC|  |TAMS 0x0000000784800000, 0x0000000784800000| Complete 
| 848|0x0000000784a00000, 0x0000000784c00000, 0x0000000784c00000|100%|HC|  |TAMS 0x0000000784a00000, 0x0000000784a00000| Complete 
| 849|0x0000000784c00000, 0x0000000784e00000, 0x0000000784e00000|100%|HC|  |TAMS 0x0000000784c00000, 0x0000000784c00000| Complete 
| 850|0x0000000784e00000, 0x0000000785000000, 0x0000000785000000|100%|HC|  |TAMS 0x0000000784e00000, 0x0000000784e00000| Complete 
| 851|0x0000000785000000, 0x0000000785200000, 0x0000000785200000|100%|HC|  |TAMS 0x0000000785000000, 0x0000000785000000| Complete 
| 852|0x0000000785200000, 0x0000000785400000, 0x0000000785400000|100%|HC|  |TAMS 0x0000000785200000, 0x0000000785200000| Complete 
| 853|0x0000000785400000, 0x0000000785600000, 0x0000000785600000|100%|HC|  |TAMS 0x0000000785400000, 0x0000000785400000| Complete 
| 854|0x0000000785600000, 0x0000000785800000, 0x0000000785800000|100%|HC|  |TAMS 0x0000000785600000, 0x0000000785600000| Complete 
| 855|0x0000000785800000, 0x0000000785a00000, 0x0000000785a00000|100%|HC|  |TAMS 0x0000000785800000, 0x0000000785800000| Complete 
| 856|0x0000000785a00000, 0x0000000785c00000, 0x0000000785c00000|100%|HC|  |TAMS 0x0000000785a00000, 0x0000000785a00000| Complete 
| 857|0x0000000785c00000, 0x0000000785e00000, 0x0000000785e00000|100%|HC|  |TAMS 0x0000000785c00000, 0x0000000785c00000| Complete 
| 858|0x0000000785e00000, 0x0000000786000000, 0x0000000786000000|100%|HC|  |TAMS 0x0000000785e00000, 0x0000000785e00000| Complete 
| 859|0x0000000786000000, 0x0000000786200000, 0x0000000786200000|100%|HC|  |TAMS 0x0000000786000000, 0x0000000786000000| Complete 
| 860|0x0000000786200000, 0x0000000786400000, 0x0000000786400000|100%|HC|  |TAMS 0x0000000786200000, 0x0000000786200000| Complete 
| 861|0x0000000786400000, 0x0000000786600000, 0x0000000786600000|100%|HC|  |TAMS 0x0000000786400000, 0x0000000786400000| Complete 
| 862|0x0000000786600000, 0x0000000786800000, 0x0000000786800000|100%|HC|  |TAMS 0x0000000786600000, 0x0000000786600000| Complete 
| 863|0x0000000786800000, 0x0000000786a00000, 0x0000000786a00000|100%|HC|  |TAMS 0x0000000786800000, 0x0000000786800000| Complete 
| 864|0x0000000786a00000, 0x0000000786c00000, 0x0000000786c00000|100%|HC|  |TAMS 0x0000000786a00000, 0x0000000786a00000| Complete 
| 865|0x0000000786c00000, 0x0000000786e00000, 0x0000000786e00000|100%|HC|  |TAMS 0x0000000786c00000, 0x0000000786c00000| Complete 
| 866|0x0000000786e00000, 0x0000000787000000, 0x0000000787000000|100%|HC|  |TAMS 0x0000000786e00000, 0x0000000786e00000| Complete 
| 867|0x0000000787000000, 0x0000000787200000, 0x0000000787200000|100%|HC|  |TAMS 0x0000000787000000, 0x0000000787000000| Complete 
| 868|0x0000000787200000, 0x0000000787400000, 0x0000000787400000|100%|HC|  |TAMS 0x0000000787200000, 0x0000000787200000| Complete 
| 869|0x0000000787400000, 0x0000000787600000, 0x0000000787600000|100%|HC|  |TAMS 0x0000000787400000, 0x0000000787400000| Complete 
| 870|0x0000000787600000, 0x0000000787800000, 0x0000000787800000|100%|HC|  |TAMS 0x0000000787600000, 0x0000000787600000| Complete 
| 871|0x0000000787800000, 0x0000000787a00000, 0x0000000787a00000|100%|HC|  |TAMS 0x0000000787800000, 0x0000000787800000| Complete 
| 872|0x0000000787a00000, 0x0000000787c00000, 0x0000000787c00000|100%|HC|  |TAMS 0x0000000787a00000, 0x0000000787a00000| Complete 
| 873|0x0000000787c00000, 0x0000000787e00000, 0x0000000787e00000|100%|HC|  |TAMS 0x0000000787c00000, 0x0000000787c00000| Complete 
| 874|0x0000000787e00000, 0x0000000788000000, 0x0000000788000000|100%|HC|  |TAMS 0x0000000787e00000, 0x0000000787e00000| Complete 
| 875|0x0000000788000000, 0x0000000788200000, 0x0000000788200000|100%|HC|  |TAMS 0x0000000788000000, 0x0000000788000000| Complete 
| 876|0x0000000788200000, 0x0000000788400000, 0x0000000788400000|100%|HC|  |TAMS 0x0000000788200000, 0x0000000788200000| Complete 
| 877|0x0000000788400000, 0x0000000788600000, 0x0000000788600000|100%|HC|  |TAMS 0x0000000788400000, 0x0000000788400000| Complete 
| 878|0x0000000788600000, 0x0000000788800000, 0x0000000788800000|100%|HC|  |TAMS 0x0000000788600000, 0x0000000788600000| Complete 
| 879|0x0000000788800000, 0x0000000788a00000, 0x0000000788a00000|100%|HC|  |TAMS 0x0000000788800000, 0x0000000788800000| Complete 
| 880|0x0000000788a00000, 0x0000000788c00000, 0x0000000788c00000|100%|HC|  |TAMS 0x0000000788a00000, 0x0000000788a00000| Complete 
| 881|0x0000000788c00000, 0x0000000788e00000, 0x0000000788e00000|100%|HC|  |TAMS 0x0000000788c00000, 0x0000000788c00000| Complete 
| 882|0x0000000788e00000, 0x0000000789000000, 0x0000000789000000|100%|HC|  |TAMS 0x0000000788e00000, 0x0000000788e00000| Complete 
| 883|0x0000000789000000, 0x0000000789200000, 0x0000000789200000|100%|HC|  |TAMS 0x0000000789000000, 0x0000000789000000| Complete 
| 884|0x0000000789200000, 0x0000000789400000, 0x0000000789400000|100%|HC|  |TAMS 0x0000000789200000, 0x0000000789200000| Complete 
| 885|0x0000000789400000, 0x0000000789600000, 0x0000000789600000|100%|HC|  |TAMS 0x0000000789400000, 0x0000000789400000| Complete 
| 886|0x0000000789600000, 0x0000000789800000, 0x0000000789800000|100%|HC|  |TAMS 0x0000000789600000, 0x0000000789600000| Complete 
| 887|0x0000000789800000, 0x0000000789a00000, 0x0000000789a00000|100%|HC|  |TAMS 0x0000000789800000, 0x0000000789800000| Complete 
| 888|0x0000000789a00000, 0x0000000789c00000, 0x0000000789c00000|100%|HC|  |TAMS 0x0000000789a00000, 0x0000000789a00000| Complete 
| 889|0x0000000789c00000, 0x0000000789e00000, 0x0000000789e00000|100%|HC|  |TAMS 0x0000000789c00000, 0x0000000789c00000| Complete 
| 890|0x0000000789e00000, 0x000000078a000000, 0x000000078a000000|100%|HC|  |TAMS 0x0000000789e00000, 0x0000000789e00000| Complete 
| 891|0x000000078a000000, 0x000000078a200000, 0x000000078a200000|100%|HC|  |TAMS 0x000000078a000000, 0x000000078a000000| Complete 
| 892|0x000000078a200000, 0x000000078a400000, 0x000000078a400000|100%|HC|  |TAMS 0x000000078a200000, 0x000000078a200000| Complete 
| 893|0x000000078a400000, 0x000000078a600000, 0x000000078a600000|100%|HC|  |TAMS 0x000000078a400000, 0x000000078a400000| Complete 
| 894|0x000000078a600000, 0x000000078a800000, 0x000000078a800000|100%|HC|  |TAMS 0x000000078a600000, 0x000000078a600000| Complete 
| 895|0x000000078a800000, 0x000000078aa00000, 0x000000078aa00000|100%|HC|  |TAMS 0x000000078a800000, 0x000000078a800000| Complete 
| 896|0x000000078aa00000, 0x000000078ac00000, 0x000000078ac00000|100%|HC|  |TAMS 0x000000078aa00000, 0x000000078aa00000| Complete 
| 897|0x000000078ac00000, 0x000000078ae00000, 0x000000078ae00000|100%|HC|  |TAMS 0x000000078ac00000, 0x000000078ac00000| Complete 
| 898|0x000000078ae00000, 0x000000078b000000, 0x000000078b000000|100%|HC|  |TAMS 0x000000078ae00000, 0x000000078ae00000| Complete 
| 899|0x000000078b000000, 0x000000078b200000, 0x000000078b200000|100%|HC|  |TAMS 0x000000078b000000, 0x000000078b000000| Complete 
| 900|0x000000078b200000, 0x000000078b400000, 0x000000078b400000|100%|HC|  |TAMS 0x000000078b200000, 0x000000078b200000| Complete 
| 901|0x000000078b400000, 0x000000078b600000, 0x000000078b600000|100%|HC|  |TAMS 0x000000078b400000, 0x000000078b400000| Complete 
| 902|0x000000078b600000, 0x000000078b800000, 0x000000078b800000|100%|HC|  |TAMS 0x000000078b600000, 0x000000078b600000| Complete 
| 903|0x000000078b800000, 0x000000078ba00000, 0x000000078ba00000|100%|HC|  |TAMS 0x000000078b800000, 0x000000078b800000| Complete 
| 904|0x000000078ba00000, 0x000000078bc00000, 0x000000078bc00000|100%|HC|  |TAMS 0x000000078ba00000, 0x000000078ba00000| Complete 
| 905|0x000000078bc00000, 0x000000078be00000, 0x000000078be00000|100%|HC|  |TAMS 0x000000078bc00000, 0x000000078bc00000| Complete 
| 906|0x000000078be00000, 0x000000078c000000, 0x000000078c000000|100%|HC|  |TAMS 0x000000078be00000, 0x000000078be00000| Complete 
| 907|0x000000078c000000, 0x000000078c200000, 0x000000078c200000|100%|HC|  |TAMS 0x000000078c000000, 0x000000078c000000| Complete 
| 908|0x000000078c200000, 0x000000078c400000, 0x000000078c400000|100%|HC|  |TAMS 0x000000078c200000, 0x000000078c200000| Complete 
| 909|0x000000078c400000, 0x000000078c600000, 0x000000078c600000|100%|HC|  |TAMS 0x000000078c400000, 0x000000078c400000| Complete 
| 910|0x000000078c600000, 0x000000078c800000, 0x000000078c800000|100%|HC|  |TAMS 0x000000078c600000, 0x000000078c600000| Complete 
| 911|0x000000078c800000, 0x000000078ca00000, 0x000000078ca00000|100%|HC|  |TAMS 0x000000078c800000, 0x000000078c800000| Complete 
| 912|0x000000078ca00000, 0x000000078cc00000, 0x000000078cc00000|100%|HC|  |TAMS 0x000000078ca00000, 0x000000078ca00000| Complete 
| 913|0x000000078cc00000, 0x000000078ce00000, 0x000000078ce00000|100%|HC|  |TAMS 0x000000078cc00000, 0x000000078cc00000| Complete 
| 914|0x000000078ce00000, 0x000000078d000000, 0x000000078d000000|100%|HC|  |TAMS 0x000000078ce00000, 0x000000078ce00000| Complete 
| 915|0x000000078d000000, 0x000000078d200000, 0x000000078d200000|100%|HC|  |TAMS 0x000000078d000000, 0x000000078d000000| Complete 
| 916|0x000000078d200000, 0x000000078d400000, 0x000000078d400000|100%|HC|  |TAMS 0x000000078d200000, 0x000000078d200000| Complete 
| 917|0x000000078d400000, 0x000000078d600000, 0x000000078d600000|100%|HC|  |TAMS 0x000000078d400000, 0x000000078d400000| Complete 
| 918|0x000000078d600000, 0x000000078d800000, 0x000000078d800000|100%|HC|  |TAMS 0x000000078d600000, 0x000000078d600000| Complete 
| 919|0x000000078d800000, 0x000000078da00000, 0x000000078da00000|100%|HC|  |TAMS 0x000000078d800000, 0x000000078d800000| Complete 
| 920|0x000000078da00000, 0x000000078dc00000, 0x000000078dc00000|100%|HC|  |TAMS 0x000000078da00000, 0x000000078da00000| Complete 
| 921|0x000000078dc00000, 0x000000078de00000, 0x000000078de00000|100%|HC|  |TAMS 0x000000078dc00000, 0x000000078dc00000| Complete 
| 922|0x000000078de00000, 0x000000078e000000, 0x000000078e000000|100%|HC|  |TAMS 0x000000078de00000, 0x000000078de00000| Complete 
| 923|0x000000078e000000, 0x000000078e200000, 0x000000078e200000|100%|HC|  |TAMS 0x000000078e000000, 0x000000078e000000| Complete 
| 924|0x000000078e200000, 0x000000078e400000, 0x000000078e400000|100%|HC|  |TAMS 0x000000078e200000, 0x000000078e200000| Complete 
| 925|0x000000078e400000, 0x000000078e600000, 0x000000078e600000|100%|HC|  |TAMS 0x000000078e400000, 0x000000078e400000| Complete 
| 926|0x000000078e600000, 0x000000078e800000, 0x000000078e800000|100%|HC|  |TAMS 0x000000078e600000, 0x000000078e600000| Complete 
| 927|0x000000078e800000, 0x000000078ea00000, 0x000000078ea00000|100%|HC|  |TAMS 0x000000078e800000, 0x000000078e800000| Complete 
| 928|0x000000078ea00000, 0x000000078ec00000, 0x000000078ec00000|100%|HC|  |TAMS 0x000000078ea00000, 0x000000078ea00000| Complete 
| 929|0x000000078ec00000, 0x000000078ee00000, 0x000000078ee00000|100%|HC|  |TAMS 0x000000078ec00000, 0x000000078ec00000| Complete 
| 930|0x000000078ee00000, 0x000000078f000000, 0x000000078f000000|100%|HC|  |TAMS 0x000000078ee00000, 0x000000078ee00000| Complete 
| 931|0x000000078f000000, 0x000000078f200000, 0x000000078f200000|100%|HC|  |TAMS 0x000000078f000000, 0x000000078f000000| Complete 
| 932|0x000000078f200000, 0x000000078f400000, 0x000000078f400000|100%|HC|  |TAMS 0x000000078f200000, 0x000000078f200000| Complete 
| 933|0x000000078f400000, 0x000000078f600000, 0x000000078f600000|100%|HC|  |TAMS 0x000000078f400000, 0x000000078f400000| Complete 
| 934|0x000000078f600000, 0x000000078f800000, 0x000000078f800000|100%|HC|  |TAMS 0x000000078f600000, 0x000000078f600000| Complete 
| 935|0x000000078f800000, 0x000000078fa00000, 0x000000078fa00000|100%|HC|  |TAMS 0x000000078f800000, 0x000000078f800000| Complete 
| 936|0x000000078fa00000, 0x000000078fc00000, 0x000000078fc00000|100%|HC|  |TAMS 0x000000078fa00000, 0x000000078fa00000| Complete 
| 937|0x000000078fc00000, 0x000000078fe00000, 0x000000078fe00000|100%|HC|  |TAMS 0x000000078fc00000, 0x000000078fc00000| Complete 
| 938|0x000000078fe00000, 0x0000000790000000, 0x0000000790000000|100%|HC|  |TAMS 0x000000078fe00000, 0x000000078fe00000| Complete 
| 939|0x0000000790000000, 0x0000000790200000, 0x0000000790200000|100%|HC|  |TAMS 0x0000000790000000, 0x0000000790000000| Complete 
| 940|0x0000000790200000, 0x0000000790400000, 0x0000000790400000|100%|HC|  |TAMS 0x0000000790200000, 0x0000000790200000| Complete 
| 941|0x0000000790400000, 0x0000000790600000, 0x0000000790600000|100%|HC|  |TAMS 0x0000000790400000, 0x0000000790400000| Complete 
| 942|0x0000000790600000, 0x0000000790800000, 0x0000000790800000|100%|HC|  |TAMS 0x0000000790600000, 0x0000000790600000| Complete 
| 943|0x0000000790800000, 0x0000000790a00000, 0x0000000790a00000|100%|HC|  |TAMS 0x0000000790800000, 0x0000000790800000| Complete 
| 944|0x0000000790a00000, 0x0000000790c00000, 0x0000000790c00000|100%|HC|  |TAMS 0x0000000790a00000, 0x0000000790a00000| Complete 
| 945|0x0000000790c00000, 0x0000000790e00000, 0x0000000790e00000|100%|HC|  |TAMS 0x0000000790c00000, 0x0000000790c00000| Complete 
| 946|0x0000000790e00000, 0x0000000791000000, 0x0000000791000000|100%|HC|  |TAMS 0x0000000790e00000, 0x0000000790e00000| Complete 
| 947|0x0000000791000000, 0x0000000791200000, 0x0000000791200000|100%|HC|  |TAMS 0x0000000791000000, 0x0000000791000000| Complete 
| 948|0x0000000791200000, 0x0000000791400000, 0x0000000791400000|100%|HC|  |TAMS 0x0000000791200000, 0x0000000791200000| Complete 
| 949|0x0000000791400000, 0x0000000791600000, 0x0000000791600000|100%|HC|  |TAMS 0x0000000791400000, 0x0000000791400000| Complete 
| 950|0x0000000791600000, 0x0000000791800000, 0x0000000791800000|100%|HC|  |TAMS 0x0000000791600000, 0x0000000791600000| Complete 
| 951|0x0000000791800000, 0x0000000791a00000, 0x0000000791a00000|100%|HC|  |TAMS 0x0000000791800000, 0x0000000791800000| Complete 
| 952|0x0000000791a00000, 0x0000000791c00000, 0x0000000791c00000|100%|HC|  |TAMS 0x0000000791a00000, 0x0000000791a00000| Complete 
| 953|0x0000000791c00000, 0x0000000791e00000, 0x0000000791e00000|100%|HC|  |TAMS 0x0000000791c00000, 0x0000000791c00000| Complete 
| 954|0x0000000791e00000, 0x0000000792000000, 0x0000000792000000|100%|HC|  |TAMS 0x0000000791e00000, 0x0000000791e00000| Complete 
| 955|0x0000000792000000, 0x0000000792200000, 0x0000000792200000|100%|HC|  |TAMS 0x0000000792000000, 0x0000000792000000| Complete 
| 956|0x0000000792200000, 0x0000000792400000, 0x0000000792400000|100%|HC|  |TAMS 0x0000000792200000, 0x0000000792200000| Complete 
| 957|0x0000000792400000, 0x0000000792600000, 0x0000000792600000|100%|HC|  |TAMS 0x0000000792400000, 0x0000000792400000| Complete 
| 958|0x0000000792600000, 0x0000000792800000, 0x0000000792800000|100%|HC|  |TAMS 0x0000000792600000, 0x0000000792600000| Complete 
| 959|0x0000000792800000, 0x0000000792a00000, 0x0000000792a00000|100%|HC|  |TAMS 0x0000000792800000, 0x0000000792800000| Complete 
| 960|0x0000000792a00000, 0x0000000792c00000, 0x0000000792c00000|100%|HC|  |TAMS 0x0000000792a00000, 0x0000000792a00000| Complete 
| 961|0x0000000792c00000, 0x0000000792e00000, 0x0000000792e00000|100%|HC|  |TAMS 0x0000000792c00000, 0x0000000792c00000| Complete 
| 962|0x0000000792e00000, 0x0000000793000000, 0x0000000793000000|100%|HC|  |TAMS 0x0000000792e00000, 0x0000000792e00000| Complete 
| 963|0x0000000793000000, 0x0000000793200000, 0x0000000793200000|100%|HC|  |TAMS 0x0000000793000000, 0x0000000793000000| Complete 
| 964|0x0000000793200000, 0x0000000793400000, 0x0000000793400000|100%|HC|  |TAMS 0x0000000793200000, 0x0000000793200000| Complete 
| 965|0x0000000793400000, 0x0000000793600000, 0x0000000793600000|100%|HC|  |TAMS 0x0000000793400000, 0x0000000793400000| Complete 
| 966|0x0000000793600000, 0x0000000793800000, 0x0000000793800000|100%|HC|  |TAMS 0x0000000793600000, 0x0000000793600000| Complete 
| 967|0x0000000793800000, 0x0000000793a00000, 0x0000000793a00000|100%|HC|  |TAMS 0x0000000793800000, 0x0000000793800000| Complete 
| 968|0x0000000793a00000, 0x0000000793c00000, 0x0000000793c00000|100%|HC|  |TAMS 0x0000000793a00000, 0x0000000793a00000| Complete 
| 969|0x0000000793c00000, 0x0000000793e00000, 0x0000000793e00000|100%|HC|  |TAMS 0x0000000793c00000, 0x0000000793c00000| Complete 
| 970|0x0000000793e00000, 0x0000000794000000, 0x0000000794000000|100%|HC|  |TAMS 0x0000000793e00000, 0x0000000793e00000| Complete 
| 971|0x0000000794000000, 0x0000000794200000, 0x0000000794200000|100%|HC|  |TAMS 0x0000000794000000, 0x0000000794000000| Complete 
| 972|0x0000000794200000, 0x0000000794400000, 0x0000000794400000|100%|HC|  |TAMS 0x0000000794200000, 0x0000000794200000| Complete 
| 973|0x0000000794400000, 0x0000000794600000, 0x0000000794600000|100%|HC|  |TAMS 0x0000000794400000, 0x0000000794400000| Complete 
| 974|0x0000000794600000, 0x0000000794800000, 0x0000000794800000|100%|HC|  |TAMS 0x0000000794600000, 0x0000000794600000| Complete 
| 975|0x0000000794800000, 0x0000000794a00000, 0x0000000794a00000|100%|HC|  |TAMS 0x0000000794800000, 0x0000000794800000| Complete 
| 976|0x0000000794a00000, 0x0000000794c00000, 0x0000000794c00000|100%|HC|  |TAMS 0x0000000794a00000, 0x0000000794a00000| Complete 
| 977|0x0000000794c00000, 0x0000000794e00000, 0x0000000794e00000|100%|HC|  |TAMS 0x0000000794c00000, 0x0000000794c00000| Complete 
| 978|0x0000000794e00000, 0x0000000795000000, 0x0000000795000000|100%|HC|  |TAMS 0x0000000794e00000, 0x0000000794e00000| Complete 
| 979|0x0000000795000000, 0x0000000795200000, 0x0000000795200000|100%|HC|  |TAMS 0x0000000795000000, 0x0000000795000000| Complete 
| 980|0x0000000795200000, 0x0000000795400000, 0x0000000795400000|100%|HC|  |TAMS 0x0000000795200000, 0x0000000795200000| Complete 
| 981|0x0000000795400000, 0x0000000795600000, 0x0000000795600000|100%|HC|  |TAMS 0x0000000795400000, 0x0000000795400000| Complete 
| 982|0x0000000795600000, 0x0000000795800000, 0x0000000795800000|100%|HC|  |TAMS 0x0000000795600000, 0x0000000795600000| Complete 
| 983|0x0000000795800000, 0x0000000795a00000, 0x0000000795a00000|100%|HC|  |TAMS 0x0000000795800000, 0x0000000795800000| Complete 
| 984|0x0000000795a00000, 0x0000000795c00000, 0x0000000795c00000|100%|HC|  |TAMS 0x0000000795a00000, 0x0000000795a00000| Complete 
| 985|0x0000000795c00000, 0x0000000795e00000, 0x0000000795e00000|100%|HC|  |TAMS 0x0000000795c00000, 0x0000000795c00000| Complete 
| 986|0x0000000795e00000, 0x0000000796000000, 0x0000000796000000|100%|HC|  |TAMS 0x0000000795e00000, 0x0000000795e00000| Complete 
| 987|0x0000000796000000, 0x0000000796200000, 0x0000000796200000|100%|HC|  |TAMS 0x0000000796000000, 0x0000000796000000| Complete 
| 988|0x0000000796200000, 0x0000000796400000, 0x0000000796400000|100%|HC|  |TAMS 0x0000000796200000, 0x0000000796200000| Complete 
| 989|0x0000000796400000, 0x0000000796600000, 0x0000000796600000|100%|HC|  |TAMS 0x0000000796400000, 0x0000000796400000| Complete 
| 990|0x0000000796600000, 0x0000000796800000, 0x0000000796800000|100%|HC|  |TAMS 0x0000000796600000, 0x0000000796600000| Complete 
| 991|0x0000000796800000, 0x0000000796a00000, 0x0000000796a00000|100%|HC|  |TAMS 0x0000000796800000, 0x0000000796800000| Complete 
| 992|0x0000000796a00000, 0x0000000796c00000, 0x0000000796c00000|100%|HC|  |TAMS 0x0000000796a00000, 0x0000000796a00000| Complete 
| 993|0x0000000796c00000, 0x0000000796e00000, 0x0000000796e00000|100%|HC|  |TAMS 0x0000000796c00000, 0x0000000796c00000| Complete 
| 994|0x0000000796e00000, 0x0000000797000000, 0x0000000797000000|100%|HC|  |TAMS 0x0000000796e00000, 0x0000000796e00000| Complete 
| 995|0x0000000797000000, 0x0000000797200000, 0x0000000797200000|100%|HC|  |TAMS 0x0000000797000000, 0x0000000797000000| Complete 
| 996|0x0000000797200000, 0x0000000797400000, 0x0000000797400000|100%|HC|  |TAMS 0x0000000797200000, 0x0000000797200000| Complete 
| 997|0x0000000797400000, 0x0000000797600000, 0x0000000797600000|100%|HC|  |TAMS 0x0000000797400000, 0x0000000797400000| Complete 
| 998|0x0000000797600000, 0x0000000797800000, 0x0000000797800000|100%|HC|  |TAMS 0x0000000797600000, 0x0000000797600000| Complete 
| 999|0x0000000797800000, 0x0000000797a00000, 0x0000000797a00000|100%|HC|  |TAMS 0x0000000797800000, 0x0000000797800000| Complete 
|1000|0x0000000797a00000, 0x0000000797c00000, 0x0000000797c00000|100%|HC|  |TAMS 0x0000000797a00000, 0x0000000797a00000| Complete 
|1001|0x0000000797c00000, 0x0000000797e00000, 0x0000000797e00000|100%|HC|  |TAMS 0x0000000797c00000, 0x0000000797c00000| Complete 
|1002|0x0000000797e00000, 0x0000000798000000, 0x0000000798000000|100%|HC|  |TAMS 0x0000000797e00000, 0x0000000797e00000| Complete 
|1003|0x0000000798000000, 0x0000000798200000, 0x0000000798200000|100%|HC|  |TAMS 0x0000000798000000, 0x0000000798000000| Complete 
|1004|0x0000000798200000, 0x0000000798400000, 0x0000000798400000|100%|HC|  |TAMS 0x0000000798200000, 0x0000000798200000| Complete 
|1005|0x0000000798400000, 0x0000000798600000, 0x0000000798600000|100%|HC|  |TAMS 0x0000000798400000, 0x0000000798400000| Complete 
|1006|0x0000000798600000, 0x0000000798800000, 0x0000000798800000|100%|HC|  |TAMS 0x0000000798600000, 0x0000000798600000| Complete 
|1007|0x0000000798800000, 0x0000000798a00000, 0x0000000798a00000|100%|HC|  |TAMS 0x0000000798800000, 0x0000000798800000| Complete 
|1008|0x0000000798a00000, 0x0000000798c00000, 0x0000000798c00000|100%|HC|  |TAMS 0x0000000798a00000, 0x0000000798a00000| Complete 
|1009|0x0000000798c00000, 0x0000000798e00000, 0x0000000798e00000|100%|HC|  |TAMS 0x0000000798c00000, 0x0000000798c00000| Complete 
|1010|0x0000000798e00000, 0x0000000799000000, 0x0000000799000000|100%|HC|  |TAMS 0x0000000798e00000, 0x0000000798e00000| Complete 
|1011|0x0000000799000000, 0x0000000799200000, 0x0000000799200000|100%|HC|  |TAMS 0x0000000799000000, 0x0000000799000000| Complete 
|1012|0x0000000799200000, 0x0000000799400000, 0x0000000799400000|100%|HC|  |TAMS 0x0000000799200000, 0x0000000799200000| Complete 
|1013|0x0000000799400000, 0x0000000799600000, 0x0000000799600000|100%|HC|  |TAMS 0x0000000799400000, 0x0000000799400000| Complete 
|1014|0x0000000799600000, 0x0000000799800000, 0x0000000799800000|100%|HC|  |TAMS 0x0000000799600000, 0x0000000799600000| Complete 
|1015|0x0000000799800000, 0x0000000799a00000, 0x0000000799a00000|100%|HC|  |TAMS 0x0000000799800000, 0x0000000799800000| Complete 
|1016|0x0000000799a00000, 0x0000000799c00000, 0x0000000799c00000|100%|HC|  |TAMS 0x0000000799a00000, 0x0000000799a00000| Complete 
|1017|0x0000000799c00000, 0x0000000799e00000, 0x0000000799e00000|100%|HC|  |TAMS 0x0000000799c00000, 0x0000000799c00000| Complete 
|1018|0x0000000799e00000, 0x000000079a000000, 0x000000079a000000|100%|HC|  |TAMS 0x0000000799e00000, 0x0000000799e00000| Complete 
|1019|0x000000079a000000, 0x000000079a200000, 0x000000079a200000|100%|HC|  |TAMS 0x000000079a000000, 0x000000079a000000| Complete 
|1020|0x000000079a200000, 0x000000079a400000, 0x000000079a400000|100%|HC|  |TAMS 0x000000079a200000, 0x000000079a200000| Complete 
|1021|0x000000079a400000, 0x000000079a600000, 0x000000079a600000|100%|HC|  |TAMS 0x000000079a400000, 0x000000079a400000| Complete 
|1022|0x000000079a600000, 0x000000079a800000, 0x000000079a800000|100%|HC|  |TAMS 0x000000079a600000, 0x000000079a600000| Complete 
|1023|0x000000079a800000, 0x000000079aa00000, 0x000000079aa00000|100%|HC|  |TAMS 0x000000079a800000, 0x000000079a800000| Complete 
|1024|0x000000079aa00000, 0x000000079ac00000, 0x000000079ac00000|100%|HC|  |TAMS 0x000000079aa00000, 0x000000079aa00000| Complete 
|1025|0x000000079ac00000, 0x000000079ae00000, 0x000000079ae00000|100%|HC|  |TAMS 0x000000079ac00000, 0x000000079ac00000| Complete 
|1026|0x000000079ae00000, 0x000000079b000000, 0x000000079b000000|100%|HC|  |TAMS 0x000000079ae00000, 0x000000079ae00000| Complete 
|1027|0x000000079b000000, 0x000000079b200000, 0x000000079b200000|100%|HC|  |TAMS 0x000000079b000000, 0x000000079b000000| Complete 
|1028|0x000000079b200000, 0x000000079b400000, 0x000000079b400000|100%|HC|  |TAMS 0x000000079b200000, 0x000000079b200000| Complete 
|1029|0x000000079b400000, 0x000000079b600000, 0x000000079b600000|100%|HC|  |TAMS 0x000000079b400000, 0x000000079b400000| Complete 
|1030|0x000000079b600000, 0x000000079b800000, 0x000000079b800000|100%|HC|  |TAMS 0x000000079b600000, 0x000000079b600000| Complete 
|1031|0x000000079b800000, 0x000000079ba00000, 0x000000079ba00000|100%|HC|  |TAMS 0x000000079b800000, 0x000000079b800000| Complete 
|1032|0x000000079ba00000, 0x000000079bc00000, 0x000000079bc00000|100%|HC|  |TAMS 0x000000079ba00000, 0x000000079ba00000| Complete 
|1033|0x000000079bc00000, 0x000000079be00000, 0x000000079be00000|100%|HC|  |TAMS 0x000000079bc00000, 0x000000079bc00000| Complete 
|1034|0x000000079be00000, 0x000000079c000000, 0x000000079c000000|100%|HC|  |TAMS 0x000000079be00000, 0x000000079be00000| Complete 
|1035|0x000000079c000000, 0x000000079c200000, 0x000000079c200000|100%|HC|  |TAMS 0x000000079c000000, 0x000000079c000000| Complete 
|1036|0x000000079c200000, 0x000000079c400000, 0x000000079c400000|100%|HC|  |TAMS 0x000000079c200000, 0x000000079c200000| Complete 
|1037|0x000000079c400000, 0x000000079c600000, 0x000000079c600000|100%|HC|  |TAMS 0x000000079c400000, 0x000000079c400000| Complete 
|1038|0x000000079c600000, 0x000000079c800000, 0x000000079c800000|100%|HC|  |TAMS 0x000000079c600000, 0x000000079c600000| Complete 
|1039|0x000000079c800000, 0x000000079ca00000, 0x000000079ca00000|100%|HC|  |TAMS 0x000000079c800000, 0x000000079c800000| Complete 
|1040|0x000000079ca00000, 0x000000079cc00000, 0x000000079cc00000|100%|HC|  |TAMS 0x000000079ca00000, 0x000000079ca00000| Complete 
|1041|0x000000079cc00000, 0x000000079ce00000, 0x000000079ce00000|100%|HC|  |TAMS 0x000000079cc00000, 0x000000079cc00000| Complete 
|1042|0x000000079ce00000, 0x000000079d000000, 0x000000079d000000|100%|HC|  |TAMS 0x000000079ce00000, 0x000000079ce00000| Complete 
|1833|0x00000007ffc00000, 0x00000007ffd77000, 0x00000007ffe00000| 73%|OA|  |TAMS 0x00000007ffc00000, 0x00000007ffd77000| Untracked 
|1834|0x00000007ffe00000, 0x00000007ffe84000, 0x0000000800000000| 25%|CA|  |TAMS 0x00000007ffe00000, 0x00000007ffe84000| Untracked 

Card table byte_map: [0x00007f0f5cf8a000,0x00007f0f5d6b5000] _byte_map_base: 0x00007f0f596b5000

Marking Bits (Prev, Next): (CMBitMap*) 0x00007f0f7408a6d0, (CMBitMap*) 0x00007f0f7408a710
 Prev Bits: [0x00007f0f58f07000, 0x00007f0f5c85f000)
 Next Bits: [0x00007f0f555af000, 0x00007f0f58f07000)

Polling page: 0x00007f0f7a0c4000

Metaspace:

Usage:
  Non-class:    367.48 KB used.
      Class:     33.03 KB used.
       Both:    400.52 KB used.

Virtual space:
  Non-class space:       64.00 MB reserved,     448.00 KB ( <1%) committed,  1 nodes.
      Class space:        1.00 GB reserved,     128.00 KB ( <1%) committed,  1 nodes.
             Both:        1.06 GB reserved,     576.00 KB ( <1%) committed. 

Chunk freelists:
   Non-Class:  11.97 MB
       Class:  15.74 MB
        Both:  27.71 MB

MaxMetaspaceSize: unlimited
CompressedClassSpaceSize: 1.00 GB
Initial GC threshold: 21.00 MB
Current GC threshold: 21.00 MB
CDS: on
MetaspaceReclaimPolicy: balanced
 - commit_granule_bytes: 65536.
 - commit_granule_words: 8192.
 - virtual_space_node_default_size: 8388608.
 - enlarge_chunks_in_place: 1.
 - new_chunks_are_fully_committed: 0.
 - uncommit_free_chunks: 1.
 - use_allocation_guard: 0.
 - handle_deallocations: 1.


Internal statistics:

num_allocs_failed_limit: 0.
num_arena_births: 20.
num_arena_deaths: 0.
num_vsnodes_births: 2.
num_vsnodes_deaths: 0.
num_space_committed: 9.
num_space_uncommitted: 0.
num_chunks_returned_to_freelist: 0.
num_chunks_taken_from_freelist: 24.
num_chunk_merges: 0.
num_chunk_splits: 15.
num_chunks_enlarged: 9.
num_inconsistent_stats: 0.

CodeHeap 'non-profiled nmethods': size=119168Kb used=38Kb max_used=38Kb free=119129Kb
 bounds [0x00007f0f65255000, 0x00007f0f654c5000, 0x00007f0f6c6b5000]
CodeHeap 'profiled nmethods': size=119164Kb used=73Kb max_used=73Kb free=119090Kb
 bounds [0x00007f0f5d6b5000, 0x00007f0f5d925000, 0x00007f0f64b14000]
CodeHeap 'non-nmethods': size=7428Kb used=1095Kb max_used=1103Kb free=6332Kb
 bounds [0x00007f0f64b14000, 0x00007f0f64d84000, 0x00007f0f65255000]
 total_blobs=466 nmethods=93 adapters=287
 compilation: enabled
              stopped_count=0, restarted_count=0
 full_count=0

Compilation events (20 events):
Event: 0.056 Thread 0x00007f0f741a02e0   78       3       java.lang.String::<init> (15 bytes)
Event: 0.056 Thread 0x00007f0f741a02e0 nmethod 78 0x00007f0f5d6c5110 code [0x00007f0f5d6c52c0, 0x00007f0f5d6c5490]
Event: 0.056 Thread 0x00007f0f741a02e0   86       3       java.lang.invoke.MemberName::testAllFlags (7 bytes)
Event: 0.056 Thread 0x00007f0f741a02e0 nmethod 86 0x00007f0f5d6c5590 code [0x00007f0f5d6c5740, 0x00007f0f5d6c5910]
Event: 0.056 Thread 0x00007f0f741a02e0   83       1       java.lang.invoke.MethodHandle::type (5 bytes)
Event: 0.056 Thread 0x00007f0f741a02e0 nmethod 83 0x00007f0f6525da10 code [0x00007f0f6525dba0, 0x00007f0f6525dc70]
Event: 0.056 Thread 0x00007f0f741a02e0   87       3       java.util.Arrays::copyOfRange (64 bytes)
Event: 0.057 Thread 0x00007f0f741a02e0 nmethod 87 0x00007f0f5d6c5a10 code [0x00007f0f5d6c5c80, 0x00007f0f5d6c6570]
Event: 0.057 Thread 0x00007f0f741a02e0   85       1       java.lang.invoke.MethodTypeForm::parameterSlotCount (5 bytes)
Event: 0.057 Thread 0x00007f0f741a02e0 nmethod 85 0x00007f0f6525e010 code [0x00007f0f6525e1a0, 0x00007f0f6525e270]
Event: 0.057 Thread 0x00007f0f741a02e0   92       3       java.lang.invoke.LambdaForm::argument (27 bytes)
Event: 0.057 Thread 0x00007f0f741a02e0 nmethod 92 0x00007f0f5d6c6910 code [0x00007f0f5d6c6ae0, 0x00007f0f5d6c6d60]
Event: 0.057 Thread 0x00007f0f741a02e0   70       1       java.lang.invoke.MethodType::form (5 bytes)
Event: 0.057 Thread 0x00007f0f741a02e0 nmethod 70 0x00007f0f6525e310 code [0x00007f0f6525e4a0, 0x00007f0f6525e570]
Event: 0.057 Thread 0x00007f0f741a02e0   88       3       java.lang.Math::max (11 bytes)
Event: 0.057 Thread 0x00007f0f741a02e0 nmethod 88 0x00007f0f5d6c6e90 code [0x00007f0f5d6c7020, 0x00007f0f5d6c7150]
Event: 0.057 Thread 0x00007f0f741a02e0   93       3       java.lang.invoke.LambdaForm$Name::initIndex (26 bytes)
Event: 0.058 Thread 0x00007f0f741a02e0 nmethod 93 0x00007f0f5d6c7210 code [0x00007f0f5d6c73c0, 0x00007f0f5d6c7570]
Event: 0.058 Thread 0x00007f0f741a02e0   90       1       java.lang.invoke.MethodType$ConcurrentWeakInternSet$WeakEntry::hashCode (5 bytes)
Event: 0.058 Thread 0x00007f0f741a02e0 nmethod 90 0x00007f0f6525e610 code [0x00007f0f6525e7a0, 0x00007f0f6525e870]

GC Heap History (2 events):
Event: 0.140 GC heap before
{Heap before GC invocations=0 (full 0):
 garbage-first heap   total 239616K, used 2028K [0x000000071aa00000, 0x0000000800000000)
  region size 2048K, 1 young (2048K), 0 survivors (0K)
 Metaspace       used 400K, committed 576K, reserved 1114112K
  class space    used 33K, committed 128K, reserved 1048576K
}
Event: 0.142 GC heap after
{Heap after GC invocations=1 (full 0):
 garbage-first heap   total 239616K, used 2527K [0x000000071aa00000, 0x0000000800000000)
  region size 2048K, 1 young (2048K), 1 survivors (2048K)
 Metaspace       used 400K, committed 576K, reserved 1114112K
  class space    used 33K, committed 128K, reserved 1048576K
}

Deoptimization events (0 events):
No events

Classes unloaded (0 events):
No events

Classes redefined (0 events):
No events

Internal exceptions (0 events):
No events

VM Operations (4 events):
Event: 0.039 Executing VM operation: HandshakeAllThreads
Event: 0.039 Executing VM operation: HandshakeAllThreads done
Event: 0.140 Executing VM operation: G1TryInitiateConcMark
Event: 0.142 Executing VM operation: G1TryInitiateConcMark done

Events (20 events):
Event: 0.046 loading class sun/nio/ch/FileChannelImpl$Closer
Event: 0.046 loading class sun/nio/ch/FileChannelImpl$Closer done
Event: 0.046 loading class java/nio/channels/Channels
Event: 0.046 loading class java/nio/channels/Channels done
Event: 0.046 loading class sun/nio/ch/ChannelInputStream
Event: 0.046 loading class sun/nio/ch/ChannelInputStream done
Event: 0.046 loading class sun/nio/ch/NativeThread
Event: 0.046 loading class sun/nio/ch/NativeThread done
Event: 0.046 loading class sun/nio/ch/IOStatus
Event: 0.046 loading class sun/nio/ch/IOStatus done
Event: 0.046 loading class java/nio/channels/SelectableChannel
Event: 0.046 loading class java/nio/channels/SelectableChannel done
Event: 0.046 loading class sun/nio/ch/Util
Event: 0.046 loading class sun/nio/ch/Util done
Event: 0.047 loading class sun/nio/ch/Util$1
Event: 0.047 loading class sun/nio/ch/Util$1 done
Event: 0.047 loading class sun/nio/ch/Util$BufferCache
Event: 0.047 loading class sun/nio/ch/Util$BufferCache done
Event: 0.047 loading class java/nio/DirectByteBuffer$Deallocator
Event: 0.047 loading class java/nio/DirectByteBuffer$Deallocator done


Dynamic libraries:
71aa00000-79d000000 rw-p 00000000 00:00 0 
79d000000-7ffc00000 ---p 00000000 00:00 0 
7ffc00000-7ffd00000 rw-p 00000000 00:00 0 
7ffd00000-7ffd77000 rw-p 00cab000 fd:00 147612799                        /root/coding/jdk-17.0.12/lib/server/classes.jsa
7ffd77000-7ffe00000 rw-p 00000000 00:00 0 
7ffe00000-7ffe84000 rw-p 00c27000 fd:00 147612799                        /root/coding/jdk-17.0.12/lib/server/classes.jsa
7ffe84000-800000000 rw-p 00000000 00:00 0 
c000000000-c000800000 rw-p 00000000 00:00 0 
c000800000-c004000000 ---p 00000000 00:00 0 
55e4175d1000-55e4175d2000 r-xp 00000000 fd:00 7173609                    /root/coding/jdk-17.0.12/bin/java
55e4175d3000-55e4175d4000 r--p 00001000 fd:00 7173609                    /root/coding/jdk-17.0.12/bin/java
55e4175d4000-55e4175d5000 rw-p 00002000 fd:00 7173609                    /root/coding/jdk-17.0.12/bin/java
55e418f74000-55e418f95000 rw-p 00000000 00:00 0                          [heap]
7f0e47d97000-7f0e48000000 rw-p 00000000 00:00 0 
7f0e48000000-7f0e48021000 rw-p 00000000 00:00 0 
7f0e48021000-7f0e4c000000 ---p 00000000 00:00 0 
7f0e4c000000-7f0e4c021000 rw-p 00000000 00:00 0 
7f0e4c021000-7f0e50000000 ---p 00000000 00:00 0 
7f0e50000000-7f0e50021000 rw-p 00000000 00:00 0 
7f0e50021000-7f0e54000000 ---p 00000000 00:00 0 
7f0e54000000-7f0e54021000 rw-p 00000000 00:00 0 
7f0e54021000-7f0e58000000 ---p 00000000 00:00 0 
7f0e58000000-7f0e58021000 rw-p 00000000 00:00 0 
7f0e58021000-7f0e5c000000 ---p 00000000 00:00 0 
7f0e5c000000-7f0e5c021000 rw-p 00000000 00:00 0 
7f0e5c021000-7f0e60000000 ---p 00000000 00:00 0 
7f0e60000000-7f0e60021000 rw-p 00000000 00:00 0 
7f0e60021000-7f0e64000000 ---p 00000000 00:00 0 
7f0e64000000-7f0e64021000 rw-p 00000000 00:00 0 
7f0e64021000-7f0e68000000 ---p 00000000 00:00 0 
7f0e68000000-7f0e68021000 rw-p 00000000 00:00 0 
7f0e68021000-7f0e6c000000 ---p 00000000 00:00 0 
7f0e6c000000-7f0e7c180000 ---p 00000000 00:00 0 
7f0e7c180000-7f0e7c181000 rw-p 00000000 00:00 0 
7f0e7c181000-7f0e9c180000 ---p 00000000 00:00 0 
7f0e9c180000-7f0e9c181000 rw-p 00000000 00:00 0 
7f0e9c181000-7f0eac000000 ---p 00000000 00:00 0 
7f0eac000000-7f0eac021000 rw-p 00000000 00:00 0 
7f0eac021000-7f0eb0000000 ---p 00000000 00:00 0 
7f0eb0000000-7f0eb2030000 ---p 00000000 00:00 0 
7f0eb2030000-7f0eb2031000 rw-p 00000000 00:00 0 
7f0eb2031000-7f0eb4000000 ---p 00000000 00:00 0 
7f0eb4000000-7f0eb4021000 rw-p 00000000 00:00 0 
7f0eb4021000-7f0eb8000000 ---p 00000000 00:00 0 
7f0eb8000000-7f0eb8021000 rw-p 00000000 00:00 0 
7f0eb8021000-7f0ebc000000 ---p 00000000 00:00 0 
7f0ebc000000-7f0ebc021000 rw-p 00000000 00:00 0 
7f0ebc021000-7f0ec0000000 ---p 00000000 00:00 0 
7f0ec0000000-7f0ec0021000 rw-p 00000000 00:00 0 
7f0ec0021000-7f0ec4000000 ---p 00000000 00:00 0 
7f0ec4000000-7f0ec4057000 rw-p 00000000 00:00 0 
7f0ec4057000-7f0ec8000000 ---p 00000000 00:00 0 
7f0ec8000000-7f0ec8036000 rw-p 00000000 00:00 0 
7f0ec8036000-7f0ecc000000 ---p 00000000 00:00 0 
7f0ecc000000-7f0ecc021000 rw-p 00000000 00:00 0 
7f0ecc021000-7f0ed0000000 ---p 00000000 00:00 0 
7f0ed0000000-7f0ed0021000 rw-p 00000000 00:00 0 
7f0ed0021000-7f0ed4000000 ---p 00000000 00:00 0 
7f0ed4000000-7f0ed4021000 rw-p 00000000 00:00 0 
7f0ed4021000-7f0ed8000000 ---p 00000000 00:00 0 
7f0ed8184000-7f0ed82cc000 rw-p 00000000 00:00 0 
7f0ed82cc000-7f0ed82cd000 ---p 00000000 00:00 0 
7f0ed82cd000-7f0ed8acd000 rw-p 00000000 00:00 0 
7f0ed8acd000-7f0ed8ace000 ---p 00000000 00:00 0 
7f0ed8ace000-7f0ed92ce000 rw-p 00000000 00:00 0 
7f0ed92ce000-7f0edb2ce000 rw-p 00000000 00:00 0 
7f0edb2ce000-7f0ee8000000 r--p 00000000 fd:00 138519932                  /usr/lib/locale/locale-archive
7f0ee8000000-7f0ee8021000 rw-p 00000000 00:00 0 
7f0ee8021000-7f0eec000000 ---p 00000000 00:00 0 
7f0eec000000-7f0eec021000 rw-p 00000000 00:00 0 
7f0eec021000-7f0ef0000000 ---p 00000000 00:00 0 
7f0ef0000000-7f0ef0021000 rw-p 00000000 00:00 0 
7f0ef0021000-7f0ef4000000 ---p 00000000 00:00 0 
7f0ef4086000-7f0ef4087000 ---p 00000000 00:00 0 
7f0ef4087000-7f0ef4187000 rw-p 00000000 00:00 0 
7f0ef4187000-7f0ef4188000 ---p 00000000 00:00 0 
7f0ef4188000-7f0ef4288000 rw-p 00000000 00:00 0 
7f0ef4288000-7f0ef4289000 ---p 00000000 00:00 0 
7f0ef4289000-7f0ef4389000 rw-p 00000000 00:00 0 
7f0ef4389000-7f0ef438a000 ---p 00000000 00:00 0 
7f0ef438a000-7f0ef450a000 rw-p 00000000 00:00 0 
7f0ef450a000-7f0ef450b000 ---p 00000000 00:00 0 
7f0ef450b000-7f0ef4d0b000 rw-p 00000000 00:00 0 
7f0ef4d0b000-7f0ef4d0c000 ---p 00000000 00:00 0 
7f0ef4d0c000-7f0ef550c000 rw-p 00000000 00:00 0 
7f0ef550c000-7f0ef550d000 ---p 00000000 00:00 0 
7f0ef550d000-7f0ef5d0d000 rw-p 00000000 00:00 0 
7f0ef5d0d000-7f0ef6113000 ---p 00000000 00:00 0 
7f0ef6113000-7f0ef6114000 rw-p 00000000 00:00 0 
7f0ef6114000-7f0ef650e000 ---p 00000000 00:00 0 
7f0ef650e000-7f0ef6d0e000 rw-p 00000000 00:00 0 
7f0ef6d0e000-7f0ef6d8a000 r--p 00000000 fd:00 1232054                    /usr/lib64/libcrypto.so.1.1.1f
7f0ef6d8a000-7f0ef6f32000 r-xp 0007c000 fd:00 1232054                    /usr/lib64/libcrypto.so.1.1.1f
7f0ef6f32000-7f0ef6fca000 r--p 00224000 fd:00 1232054                    /usr/lib64/libcrypto.so.1.1.1f
7f0ef6fca000-7f0ef6fcb000 ---p 002bc000 fd:00 1232054                    /usr/lib64/libcrypto.so.1.1.1f
7f0ef6fcb000-7f0ef6ff8000 r--p 002bc000 fd:00 1232054                    /usr/lib64/libcrypto.so.1.1.1f
7f0ef6ff8000-7f0ef6ffc000 rw-p 002e9000 fd:00 1232054                    /usr/lib64/libcrypto.so.1.1.1f
7f0ef6ffc000-7f0ef7000000 rw-p 00000000 00:00 0 
7f0ef7000000-7f0ef7bee000 rw-p 00001000 fd:00 147612799                  /root/coding/jdk-17.0.12/lib/server/classes.jsa
7f0ef7bee000-7f0ef8000000 ---p 00000000 00:00 0 
7f0ef8000000-7f0ef8010000 rw-p 00000000 00:00 0 
7f0ef8010000-7f0ef8040000 ---p 00000000 00:00 0 
7f0ef8040000-7f0ef8050000 rw-p 00000000 00:00 0 
7f0ef8050000-7f0f38000000 ---p 00000000 00:00 0 
7f0f38000000-7f0f38021000 rw-p 00000000 00:00 0 
7f0f38021000-7f0f3c000000 ---p 00000000 00:00 0 
7f0f3c000000-7f0f3c060000 rw-p 00000000 00:00 0 
7f0f3c060000-7f0f3c400000 ---p 00000000 00:00 0 
7f0f3c400000-7f0f3c410000 rw-p 00000000 00:00 0 
7f0f3c410000-7f0f40000000 ---p 00000000 00:00 0 
7f0f40000000-7f0f40021000 rw-p 00000000 00:00 0 
7f0f40021000-7f0f44000000 ---p 00000000 00:00 0 
7f0f44023000-7f0f44063000 rw-p 00000000 00:00 0 
7f0f44063000-7f0f44163000 rw-p 00000000 00:00 0 
7f0f44163000-7f0f441e3000 ---p 00000000 00:00 0 
7f0f441e3000-7f0f441e4000 rw-p 00000000 00:00 0 
7f0f441e4000-7f0f44263000 ---p 00000000 00:00 0 
7f0f44263000-7f0f44275000 r--p 00000000 fd:00 268670524                  /usr/local/lib64/liboqs.so.0.12.1-dev
7f0f44275000-7f0f44949000 r-xp 00012000 fd:00 268670524                  /usr/local/lib64/liboqs.so.0.12.1-dev
7f0f44949000-7f0f44a02000 r--p 006e6000 fd:00 268670524                  /usr/local/lib64/liboqs.so.0.12.1-dev
7f0f44a02000-7f0f44a03000 ---p 0079f000 fd:00 268670524                  /usr/local/lib64/liboqs.so.0.12.1-dev
7f0f44a03000-7f0f44a04000 r--p 0079f000 fd:00 268670524                  /usr/local/lib64/liboqs.so.0.12.1-dev
7f0f44a04000-7f0f44a07000 rw-p 007a0000 fd:00 268670524                  /usr/local/lib64/liboqs.so.0.12.1-dev
7f0f44a07000-7f0f44b3d000 r--p 00000000 fd:00 406702988                  /u/CAS/eesdk/build/lib/libee_sdk_jni.so
7f0f44b3d000-7f0f44fe9000 r-xp 00136000 fd:00 406702988                  /u/CAS/eesdk/build/lib/libee_sdk_jni.so
7f0f44fe9000-7f0f450b2000 r--p 005e2000 fd:00 406702988                  /u/CAS/eesdk/build/lib/libee_sdk_jni.so
7f0f450b2000-7f0f450b3000 ---p 006ab000 fd:00 406702988                  /u/CAS/eesdk/build/lib/libee_sdk_jni.so
7f0f450b3000-7f0f45557000 r--p 006ab000 fd:00 406702988                  /u/CAS/eesdk/build/lib/libee_sdk_jni.so
7f0f45557000-7f0f455c4000 rw-p 00b4f000 fd:00 406702988                  /u/CAS/eesdk/build/lib/libee_sdk_jni.so
7f0f455c4000-7f0f455f6000 rw-p 00000000 00:00 0 
7f0f455f6000-7f0f455f7000 ---p 00000000 00:00 0 
7f0f455f7000-7f0f455fb000 ---p 00000000 00:00 0 
7f0f455fb000-7f0f456f7000 rw-p 00000000 00:00 0 
7f0f456f7000-7f0f456f8000 ---p 00000000 00:00 0 
7f0f456f8000-7f0f457f8000 rw-p 00000000 00:00 0 
7f0f457f8000-7f0f457f9000 ---p 00000000 00:00 0 
7f0f457f9000-7f0f457fd000 ---p 00000000 00:00 0 
7f0f457fd000-7f0f458f9000 rw-p 00000000 00:00 0 
7f0f458f9000-7f0f458fa000 ---p 00000000 00:00 0 
7f0f458fa000-7f0f458fe000 ---p 00000000 00:00 0 
7f0f458fe000-7f0f459fa000 rw-p 00000000 00:00 0 
7f0f459fa000-7f0f459fb000 ---p 00000000 00:00 0 
7f0f459fb000-7f0f459ff000 ---p 00000000 00:00 0 
7f0f459ff000-7f0f45afb000 rw-p 00000000 00:00 0 
7f0f45afb000-7f0f45afc000 ---p 00000000 00:00 0 
7f0f45afc000-7f0f45b00000 ---p 00000000 00:00 0 
7f0f45b00000-7f0f45bfc000 rw-p 00000000 00:00 0 
7f0f45bfc000-7f0f45bfd000 ---p 00000000 00:00 0 
7f0f45bfd000-7f0f45c01000 ---p 00000000 00:00 0 
7f0f45c01000-7f0f45cfd000 rw-p 00000000 00:00 0 
7f0f45cfd000-7f0f45cfe000 ---p 00000000 00:00 0 
7f0f45cfe000-7f0f45d02000 ---p 00000000 00:00 0 
7f0f45d02000-7f0f45dfe000 rw-p 00000000 00:00 0 
7f0f45dfe000-7f0f45dff000 ---p 00000000 00:00 0 
7f0f45dff000-7f0f45e03000 ---p 00000000 00:00 0 
7f0f45e03000-7f0f45eff000 rw-p 00000000 00:00 0 
7f0f45eff000-7f0f45f00000 ---p 00000000 00:00 0 
7f0f45f00000-7f0f45f04000 ---p 00000000 00:00 0 
7f0f45f04000-7f0f48000000 rw-p 00000000 00:00 0 
7f0f48000000-7f0f48021000 rw-p 00000000 00:00 0 
7f0f48021000-7f0f4c000000 ---p 00000000 00:00 0 
7f0f4c000000-7f0f4c021000 rw-p 00000000 00:00 0 
7f0f4c021000-7f0f50000000 ---p 00000000 00:00 0 
7f0f50000000-7f0f50021000 rw-p 00000000 00:00 0 
7f0f50021000-7f0f54000000 ---p 00000000 00:00 0 
7f0f5400e000-7f0f540f0000 rw-p 00000000 00:00 0 
7f0f540f0000-7f0f540f1000 ---p 00000000 00:00 0 
7f0f540f1000-7f0f540f5000 ---p 00000000 00:00 0 
7f0f540f5000-7f0f541f1000 rw-p 00000000 00:00 0 
7f0f541f1000-7f0f541f2000 ---p 00000000 00:00 0 
7f0f541f2000-7f0f542f2000 rw-p 00000000 00:00 0 
7f0f542f2000-7f0f543c0000 r-xp 00000000 fd:00 273596567                  /root/coding/jdk-17.0.12/lib/libjsvml.so
7f0f543c0000-7f0f543c1000 r--p 000cd000 fd:00 273596567                  /root/coding/jdk-17.0.12/lib/libjsvml.so
7f0f543c1000-7f0f543c2000 rw-p 000ce000 fd:00 273596567                  /root/coding/jdk-17.0.12/lib/libjsvml.so
7f0f543c2000-7f0f5449e000 rw-p 00000000 00:00 0 
7f0f5449e000-7f0f5449f000 ---p 00000000 00:00 0 
7f0f5449f000-7f0f5459f000 rw-p 00000000 00:00 0 
7f0f5459f000-7f0f545a0000 ---p 00000000 00:00 0 
7f0f545a0000-7f0f553ad000 rw-p 00000000 00:00 0 
7f0f553ad000-7f0f553ae000 ---p 00000000 00:00 0 
7f0f553ae000-7f0f554ae000 rw-p 00000000 00:00 0 
7f0f554ae000-7f0f554af000 ---p 00000000 00:00 0 
7f0f554af000-7f0f57647000 rw-p 00000000 00:00 0 
7f0f57647000-7f0f58ef7000 ---p 00000000 00:00 0 
7f0f58ef7000-7f0f5af9f000 rw-p 00000000 00:00 0 
7f0f5af9f000-7f0f5c84f000 ---p 00000000 00:00 0 
7f0f5c84f000-7f0f5cc72000 rw-p 00000000 00:00 0 
7f0f5cc72000-7f0f5cf88000 ---p 00000000 00:00 0 
7f0f5cf88000-7f0f5d39d000 rw-p 00000000 00:00 0 
7f0f5d39d000-7f0f5d6b3000 ---p 00000000 00:00 0 
7f0f5d6b3000-7f0f5d6b5000 rw-p 00000000 00:00 0 
7f0f5d6b5000-7f0f5d925000 rwxp 00000000 00:00 0 
7f0f5d925000-7f0f64b14000 ---p 00000000 00:00 0 
7f0f64b14000-7f0f64d84000 rwxp 00000000 00:00 0 
7f0f64d84000-7f0f65255000 ---p 00000000 00:00 0 
7f0f65255000-7f0f654c5000 rwxp 00000000 00:00 0 
7f0f654c5000-7f0f6c6b5000 ---p 00000000 00:00 0 
7f0f6c6b5000-7f0f74000000 r--s 00000000 fd:00 273596583                  /root/coding/jdk-17.0.12/lib/modules
7f0f74000000-7f0f7462a000 rw-p 00000000 00:00 0 
7f0f7462a000-7f0f78000000 ---p 00000000 00:00 0 
7f0f78003000-7f0f78064000 rw-p 00000000 00:00 0 
7f0f78065000-7f0f7806c000 r-xp 00000000 fd:00 273596582                  /root/coding/jdk-17.0.12/lib/libzip.so
7f0f7806c000-7f0f7806d000 ---p 00007000 fd:00 273596582                  /root/coding/jdk-17.0.12/lib/libzip.so
7f0f7806d000-7f0f7806e000 r--p 00007000 fd:00 273596582                  /root/coding/jdk-17.0.12/lib/libzip.so
7f0f7806e000-7f0f7806f000 rw-p 00008000 fd:00 273596582                  /root/coding/jdk-17.0.12/lib/libzip.so
7f0f7806f000-7f0f78084000 r-xp 00000000 fd:00 273596573                  /root/coding/jdk-17.0.12/lib/libnet.so
7f0f78084000-7f0f78085000 ---p 00015000 fd:00 273596573                  /root/coding/jdk-17.0.12/lib/libnet.so
7f0f78085000-7f0f78086000 r--p 00015000 fd:00 273596573                  /root/coding/jdk-17.0.12/lib/libnet.so
7f0f78086000-7f0f78087000 rw-p 00016000 fd:00 273596573                  /root/coding/jdk-17.0.12/lib/libnet.so
7f0f78087000-7f0f7809a000 r-xp 00000000 fd:00 273596574                  /root/coding/jdk-17.0.12/lib/libnio.so
7f0f7809a000-7f0f7809b000 r--p 00012000 fd:00 273596574                  /root/coding/jdk-17.0.12/lib/libnio.so
7f0f7809b000-7f0f7809c000 rw-p 00013000 fd:00 273596574                  /root/coding/jdk-17.0.12/lib/libnio.so
7f0f7809c000-7f0f7809d000 ---p 00000000 00:00 0 
7f0f7809d000-7f0f78660000 rw-p 00000000 00:00 0 
7f0f78660000-7f0f78976000 ---p 00000000 00:00 0 
7f0f78976000-7f0f7968a000 rw-p 00000000 00:00 0 
7f0f7968a000-7f0f7976e000 ---p 00000000 00:00 0 
7f0f7976e000-7f0f79773000 rw-p 00000000 00:00 0 
7f0f79773000-7f0f79857000 ---p 00000000 00:00 0 
7f0f79857000-7f0f7987b000 r-xp 00000000 fd:00 273596558                  /root/coding/jdk-17.0.12/lib/libjava.so
7f0f7987b000-7f0f7987c000 ---p 00024000 fd:00 273596558                  /root/coding/jdk-17.0.12/lib/libjava.so
7f0f7987c000-7f0f7987d000 r--p 00024000 fd:00 273596558                  /root/coding/jdk-17.0.12/lib/libjava.so
7f0f7987d000-7f0f7987e000 rw-p 00025000 fd:00 273596558                  /root/coding/jdk-17.0.12/lib/libjava.so
7f0f7987e000-7f0f7987f000 rw-p 00000000 00:00 0 
7f0f7987f000-7f0f79882000 r--p 00000000 fd:00 13047                      /usr/lib64/libnss_files-2.28.so
7f0f79882000-7f0f79889000 r-xp 00003000 fd:00 13047                      /usr/lib64/libnss_files-2.28.so
7f0f79889000-7f0f7988b000 r--p 0000a000 fd:00 13047                      /usr/lib64/libnss_files-2.28.so
7f0f7988b000-7f0f7988c000 ---p 0000c000 fd:00 13047                      /usr/lib64/libnss_files-2.28.so
7f0f7988c000-7f0f7988d000 r--p 0000c000 fd:00 13047                      /usr/lib64/libnss_files-2.28.so
7f0f7988d000-7f0f7988e000 rw-p 0000d000 fd:00 13047                      /usr/lib64/libnss_files-2.28.so
7f0f7988e000-7f0f79894000 rw-p 00000000 00:00 0 
7f0f79894000-7f0f7a099000 r--s 00000000 fd:00 138193103                  /var/lib/sss/mc/passwd
7f0f7a099000-7f0f7a09b000 r--p 00000000 fd:00 3176534                    /usr/lib64/libnss_sss.so.2
7f0f7a09b000-7f0f7a0a1000 r-xp 00002000 fd:00 3176534                    /usr/lib64/libnss_sss.so.2
7f0f7a0a1000-7f0f7a0a3000 r--p 00008000 fd:00 3176534                    /usr/lib64/libnss_sss.so.2
7f0f7a0a3000-7f0f7a0a4000 r--p 00009000 fd:00 3176534                    /usr/lib64/libnss_sss.so.2
7f0f7a0a4000-7f0f7a0a5000 rw-p 0000a000 fd:00 3176534                    /usr/lib64/libnss_sss.so.2
7f0f7a0a6000-7f0f7a0ad000 r--s 00000000 fd:00 268671281                  /usr/lib64/gconv/gconv-modules.cache
7f0f7a0ad000-7f0f7a0b2000 rw-p 00000000 00:00 0 
7f0f7a0b2000-7f0f7a0bc000 ---p 00000000 00:00 0 
7f0f7a0bc000-7f0f7a0c4000 rw-s 00000000 00:2b 16762165                   /tmp/hsperfdata_root/492393
7f0f7a0c4000-7f0f7a0c5000 ---p 00000000 00:00 0 
7f0f7a0c5000-7f0f7a0c6000 r--p 00000000 00:00 0 
7f0f7a0c6000-7f0f7a0cb000 ---p 00000000 00:00 0 
7f0f7a0cb000-7f0f7a1c8000 rw-p 00000000 00:00 0 
7f0f7a1c8000-7f0f7a1d7000 r--p 00000000 fd:00 13039                      /usr/lib64/libm-2.28.so
7f0f7a1d7000-7f0f7a276000 r-xp 0000f000 fd:00 13039                      /usr/lib64/libm-2.28.so
7f0f7a276000-7f0f7a349000 r--p 000ae000 fd:00 13039                      /usr/lib64/libm-2.28.so
7f0f7a349000-7f0f7a34a000 r--p 00180000 fd:00 13039                      /usr/lib64/libm-2.28.so
7f0f7a34a000-7f0f7a34b000 rw-p 00181000 fd:00 13039                      /usr/lib64/libm-2.28.so
7f0f7a34b000-7f0f7a34e000 r--p 00000000 fd:00 13053                      /usr/lib64/librt-2.28.so
7f0f7a34e000-7f0f7a352000 r-xp 00003000 fd:00 13053                      /usr/lib64/librt-2.28.so
7f0f7a352000-7f0f7a353000 r--p 00007000 fd:00 13053                      /usr/lib64/librt-2.28.so
7f0f7a353000-7f0f7a354000 ---p 00008000 fd:00 13053                      /usr/lib64/librt-2.28.so
7f0f7a354000-7f0f7a355000 r--p 00008000 fd:00 13053                      /usr/lib64/librt-2.28.so
7f0f7a355000-7f0f7a356000 rw-p 00009000 fd:00 13053                      /usr/lib64/librt-2.28.so
7f0f7a356000-7f0f7b49d000 r-xp 00000000 fd:00 147613379                  /root/coding/jdk-17.0.12/lib/server/libjvm.so
7f0f7b49d000-7f0f7b553000 r--p 01146000 fd:00 147613379                  /root/coding/jdk-17.0.12/lib/server/libjvm.so
7f0f7b553000-7f0f7b586000 rw-p 011fc000 fd:00 147613379                  /root/coding/jdk-17.0.12/lib/server/libjvm.so
7f0f7b586000-7f0f7b5e2000 rw-p 00000000 00:00 0 
7f0f7b5e2000-7f0f7b607000 r--p 00000000 fd:00 13035                      /usr/lib64/libc-2.28.so
7f0f7b607000-7f0f7b74b000 r-xp 00025000 fd:00 13035                      /usr/lib64/libc-2.28.so
7f0f7b74b000-7f0f7b78f000 r--p 00169000 fd:00 13035                      /usr/lib64/libc-2.28.so
7f0f7b78f000-7f0f7b790000 ---p 001ad000 fd:00 13035                      /usr/lib64/libc-2.28.so
7f0f7b790000-7f0f7b793000 r--p 001ad000 fd:00 13035                      /usr/lib64/libc-2.28.so
7f0f7b793000-7f0f7b796000 rw-p 001b0000 fd:00 13035                      /usr/lib64/libc-2.28.so
7f0f7b796000-7f0f7b79a000 rw-p 00000000 00:00 0 
7f0f7b79a000-7f0f7b79b000 r--p 00000000 fd:00 13037                      /usr/lib64/libdl-2.28.so
7f0f7b79b000-7f0f7b79c000 r-xp 00001000 fd:00 13037                      /usr/lib64/libdl-2.28.so
7f0f7b79c000-7f0f7b79d000 r--p 00002000 fd:00 13037                      /usr/lib64/libdl-2.28.so
7f0f7b79d000-7f0f7b79e000 r--p 00002000 fd:00 13037                      /usr/lib64/libdl-2.28.so
7f0f7b79e000-7f0f7b79f000 rw-p 00003000 fd:00 13037                      /usr/lib64/libdl-2.28.so
7f0f7b79f000-7f0f7b7a6000 r--p 00000000 fd:00 13049                      /usr/lib64/libpthread-2.28.so
7f0f7b7a6000-7f0f7b7b5000 r-xp 00007000 fd:00 13049                      /usr/lib64/libpthread-2.28.so
7f0f7b7b5000-7f0f7b7b9000 r--p 00016000 fd:00 13049                      /usr/lib64/libpthread-2.28.so
7f0f7b7b9000-7f0f7b7ba000 ---p 0001a000 fd:00 13049                      /usr/lib64/libpthread-2.28.so
7f0f7b7ba000-7f0f7b7bb000 r--p 0001a000 fd:00 13049                      /usr/lib64/libpthread-2.28.so
7f0f7b7bb000-7f0f7b7bc000 rw-p 0001b000 fd:00 13049                      /usr/lib64/libpthread-2.28.so
7f0f7b7bc000-7f0f7b7c0000 rw-p 00000000 00:00 0 
7f0f7b7c0000-7f0f7b7ce000 r-xp 00000000 fd:00 273596564                  /root/coding/jdk-17.0.12/lib/libjli.so
7f0f7b7ce000-7f0f7b7cf000 ---p 0000e000 fd:00 273596564                  /root/coding/jdk-17.0.12/lib/libjli.so
7f0f7b7cf000-7f0f7b7d0000 r--p 0000e000 fd:00 273596564                  /root/coding/jdk-17.0.12/lib/libjli.so
7f0f7b7d0000-7f0f7b7d1000 rw-p 0000f000 fd:00 273596564                  /root/coding/jdk-17.0.12/lib/libjli.so
7f0f7b7d1000-7f0f7b7d4000 r--p 00000000 fd:00 17406                      /usr/lib64/libz.so.1.2.11
7f0f7b7d4000-7f0f7b7e2000 r-xp 00003000 fd:00 17406                      /usr/lib64/libz.so.1.2.11
7f0f7b7e2000-7f0f7b7e8000 r--p 00011000 fd:00 17406                      /usr/lib64/libz.so.1.2.11
7f0f7b7e8000-7f0f7b7e9000 ---p 00017000 fd:00 17406                      /usr/lib64/libz.so.1.2.11
7f0f7b7e9000-7f0f7b7ea000 r--p 00017000 fd:00 17406                      /usr/lib64/libz.so.1.2.11
7f0f7b7ea000-7f0f7b7eb000 rw-p 00018000 fd:00 17406                      /usr/lib64/libz.so.1.2.11
7f0f7b7eb000-7f0f7b7ed000 rw-p 00000000 00:00 0 
7f0f7b7ed000-7f0f7b808000 r-xp 00000000 fd:00 273596563                  /root/coding/jdk-17.0.12/lib/libjimage.so
7f0f7b808000-7f0f7b809000 ---p 0001b000 fd:00 273596563                  /root/coding/jdk-17.0.12/lib/libjimage.so
7f0f7b809000-7f0f7b80b000 r--p 0001b000 fd:00 273596563                  /root/coding/jdk-17.0.12/lib/libjimage.so
7f0f7b80b000-7f0f7b80c000 rw-p 0001d000 fd:00 273596563                  /root/coding/jdk-17.0.12/lib/libjimage.so
7f0f7b80c000-7f0f7b80d000 r--p 00000000 fd:00 13028                      /usr/lib64/ld-2.28.so
7f0f7b80d000-7f0f7b82b000 r-xp 00001000 fd:00 13028                      /usr/lib64/ld-2.28.so
7f0f7b82b000-7f0f7b832000 r--p 0001f000 fd:00 13028                      /usr/lib64/ld-2.28.so
7f0f7b832000-7f0f7b833000 r--p 00025000 fd:00 13028                      /usr/lib64/ld-2.28.so
7f0f7b833000-7f0f7b834000 rw-p 00026000 fd:00 13028                      /usr/lib64/ld-2.28.so
7f0f7b834000-7f0f7b835000 rw-p 00000000 00:00 0 
7ffc38c20000-7ffc38c41000 rw-p 00000000 00:00 0                          [stack]
7ffc38ce7000-7ffc38cea000 r--p 00000000 00:00 0                          [vvar]
7ffc38cea000-7ffc38cec000 r-xp 00000000 00:00 0                          [vdso]
ffffffffff600000-ffffffffff601000 r-xp 00000000 00:00 0                  [vsyscall]


VM Arguments:
jvm_args: -Djava.library.path=../../build/lib 
java_command: Main
java_class_path (initial): ../../build/eesdk-1.0-SNAPSHOT.jar:.
Launcher Type: SUN_STANDARD

[Global flags]
     intx CICompilerCount                          = 12                                        {product} {ergonomic}
     uint ConcGCThreads                            = 3                                         {product} {ergonomic}
     uint G1ConcRefinementThreads                  = 13                                        {product} {ergonomic}
   size_t G1HeapRegionSize                         = 2097152                                   {product} {ergonomic}
    uintx GCDrainStackTargetSize                   = 64                                        {product} {ergonomic}
   size_t InitialHeapSize                          = 241172480                                 {product} {ergonomic}
   size_t MarkStackSize                            = 4194304                                   {product} {ergonomic}
   size_t MaxHeapSize                              = 3848273920                                {product} {ergonomic}
   size_t MaxNewSize                               = 2308964352                                {product} {ergonomic}
   size_t MinHeapDeltaBytes                        = 2097152                                   {product} {ergonomic}
   size_t MinHeapSize                              = 8388608                                   {product} {ergonomic}
    uintx NonNMethodCodeHeapSize                   = 7602480                                {pd product} {ergonomic}
    uintx NonProfiledCodeHeapSize                  = 122027880                              {pd product} {ergonomic}
    uintx ProfiledCodeHeapSize                     = 122027880                              {pd product} {ergonomic}
    uintx ReservedCodeCacheSize                    = 251658240                              {pd product} {ergonomic}
     bool SegmentedCodeCache                       = true                                      {product} {ergonomic}
   size_t SoftMaxHeapSize                          = 3848273920                             {manageable} {ergonomic}
     bool UseCompressedClassPointers               = true                           {product lp64_product} {ergonomic}
     bool UseCompressedOops                        = true                           {product lp64_product} {ergonomic}
     bool UseG1GC                                  = true                                      {product} {ergonomic}

Logging:
Log output configuration:
 #0: stdout all=warning uptime,level,tags
 #1: stderr all=off uptime,level,tags

Environment Variables:
JAVA_HOME=/root/coding/jdk-17.0.12
CLASSPATH=.:/root/coding/jdk-17.0.12/lib/dt.jar:/root/coding/jdk-17.0.12/lib/tools.jar
PATH=/root/coding/jdk-17.0.12/bin:/root/coding/jdk-17.0.12/bin:/root/.nvm/versions/node/v23.10.0/bin:/usr/local/sbin:/usr/local/bin:/usr/sbin:/usr/bin:/root/bin:/usr/local/mysql/bin:/root/go/bin::/root/go:/bin:/root/bin:/root/go/bin::/root/go:/bin:/root/base/apache-maven-3.9.11/bin:/root/go/bin::/root/go:/bin:/root/coding/apache-maven-3.9.11/bin
LD_LIBRARY_PATH=../../build/lib:
SHELL=/bin/bash
LANG=zh_CN.UTF-8

Signal Handlers:
   SIGSEGV: crash_handler in libjvm.so, mask=11100100010111111101111111111110, flags=SA_RESTART|SA_SIGINFO
    SIGBUS: crash_handler in libjvm.so, mask=11100100010111111101111111111110, flags=SA_RESTART|SA_SIGINFO
    SIGFPE: crash_handler in libjvm.so, mask=11100100010111111101111111111110, flags=SA_RESTART|SA_SIGINFO
   SIGPIPE: runtime.cgoSigtramp.abi0 in libee_sdk_jni.so, mask=11111111011111111101111111111110, flags=SA_ONSTACK|SA_RESTART|SA_SIGINFO
  *** Handler was modified!
  *** Expected: javaSignalHandler in libjvm.so, mask=11100100110111111111111111111110, flags=SA_RESTART|SA_SIGINFO
   SIGXFSZ: javaSignalHandler in libjvm.so, mask=11100100010111111101111111111110, flags=SA_ONSTACK|SA_RESTART|SA_SIGINFO
  *** Handler was modified!
  *** Expected: javaSignalHandler in libjvm.so, mask=11100100110111111111111111111110, flags=SA_RESTART|SA_SIGINFO
    SIGILL: crash_handler in libjvm.so, mask=11100100010111111101111111111110, flags=SA_RESTART|SA_SIGINFO
   SIGUSR2: SR_handler in libjvm.so, mask=00000000000000000000000000000000, flags=SA_ONSTACK|SA_RESTART|SA_SIGINFO
  *** Handler was modified!
  *** Expected: SR_handler in libjvm.so, mask=00000000000000000000000000000000, flags=SA_RESTART|SA_SIGINFO
    SIGHUP: UserHandler in libjvm.so, mask=11100100010111111101111111111110, flags=SA_ONSTACK|SA_RESTART|SA_SIGINFO
    SIGINT: UserHandler in libjvm.so, mask=11100100010111111101111111111110, flags=SA_ONSTACK|SA_RESTART|SA_SIGINFO
   SIGTERM: UserHandler in libjvm.so, mask=11100100010111111101111111111110, flags=SA_ONSTACK|SA_RESTART|SA_SIGINFO
   SIGQUIT: UserHandler in libjvm.so, mask=11100100010111111101111111111110, flags=SA_ONSTACK|SA_RESTART|SA_SIGINFO
   SIGTRAP: crash_handler in libjvm.so, mask=11100100010111111101111111111110, flags=SA_RESTART|SA_SIGINFO


---------------  S Y S T E M  ---------------

OS:
DISTRIB_ID=Kylin
DISTRIB_RELEASE=V10
DISTRIB_CODENAME=juniper
DISTRIB_DESCRIPTION="Kylin V10"
DISTRIB_KYLIN_RELEASE=V10
DISTRIB_VERSION_TYPE=enterprise
DISTRIB_VERSION_MODE=normal
uname: Linux 4.19.90-24.4.v2101.ky10.x86_64 #1 SMP Mon May 24 12:14:55 CST 2021 x86_64
OS uptime: 25 days 6:29 hours
libc: glibc 2.28 NPTL 2.28 
rlimit (soft/hard): STACK 8192k/infinity , CORE infinity/infinity , NPROC 58422/58422 , NOFILE 524288/524288 , AS infinity/infinity , CPU infinity/infinity , DATA infinity/infinity , FSIZE infinity/infinity , MEMLOCK 64k/64k
load average: 0.36 0.32 0.23

/proc/meminfo:
MemTotal:       15025560 kB
MemFree:          417532 kB
MemAvailable:    3921068 kB
Buffers:              12 kB
Cached:          3762832 kB
SwapCached:        25576 kB
Active:         10323516 kB
Inactive:        2861808 kB
Active(anon):    8778740 kB
Inactive(anon):   951556 kB
Active(file):    1544776 kB
Inactive(file):  1910252 kB
Unevictable:           0 kB
Mlocked:               0 kB
SwapTotal:       8237052 kB
SwapFree:        2934780 kB
Dirty:             68660 kB
Writeback:             0 kB
AnonPages:       8974420 kB
Mapped:           322560 kB
Shmem:            307740 kB
Slab:             896356 kB
SReclaimable:     490288 kB
SUnreclaim:       406068 kB
KernelStack:       10768 kB
PageTables:        52640 kB
NFS_Unstable:          0 kB
Bounce:                0 kB
WritebackTmp:          0 kB
CommitLimit:    15749832 kB
Committed_AS:   25161948 kB
VmallocTotal:   34359738367 kB
VmallocUsed:           0 kB
VmallocChunk:          0 kB
Percpu:            22080 kB
HardwareCorrupted:     0 kB
AnonHugePages:   5740544 kB
ShmemHugePages:        0 kB
ShmemPmdMapped:        0 kB
HugePages_Total:       0
HugePages_Free:        0
HugePages_Rsvd:        0
HugePages_Surp:        0
Hugepagesize:       2048 kB
Hugetlb:               0 kB
DirectMap4k:     2936248 kB
DirectMap2M:    13760512 kB
DirectMap1G:           0 kB

/sys/kernel/mm/transparent_hugepage/enabled: [always] madvise never
/sys/kernel/mm/transparent_hugepage/defrag (defrag/compaction efforts parameter): always defer defer+madvise [madvise] never

Process Memory:
Virtual Size: 8863660K (peak: 8863660K)
Resident Set Size: 1990888K (peak: 1990888K) (anon: 1961876K, file: 28980K, shmem: 32K)
Swapped out: 0K
C-Heap outstanding allocations: 40251K, retained: 3212K

/proc/sys/kernel/threads-max (system-wide limit on the number of threads): 116844
/proc/sys/vm/max_map_count (maximum number of memory map areas a process may have): 65530
/proc/sys/kernel/pid_max (system-wide limit on number of process identifiers): 4194304

container (cgroup) information:
container_type: cgroupv1
cpu_cpuset_cpus: 0-15
cpu_memory_nodes: 0
active_processor_count: 16
cpu_quota: no quota
cpu_period: 100000
cpu_shares: no shares
memory_limit_in_bytes: unlimited
memory_and_swap_limit_in_bytes: unlimited
memory_soft_limit_in_bytes: unlimited
memory_usage_in_bytes: 2378400 k
memory_max_usage_in_bytes: 2386780 k
kernel_memory_usage_in_bytes: unlimited
kernel_memory_max_usage_in_bytes: unlimited
kernel_memory_limit_in_bytes: unlimited
maximum number of tasks: unlimited
current number of tasks: 33

Steal ticks since vm start: 0
Steal ticks percentage since vm start:  0.000

CPU: total 16 (initial active 16) (16 cores per cpu, 2 threads per core) family 24 model 1 stepping 1 microcode 0x80901047, cx8, cmov, fxsr, ht, mmx, 3dnowpref, sse, sse2, sse3, ssse3, sse4a, sse4.1, sse4.2, popcnt, lzcnt, tsc, tscinvbit, avx, avx2, aes, clmul, bmi1, bmi2, adx, sha, fma, vzeroupper, clflush, clflushopt
CPU Model and flags from /proc/cpuinfo:
model name	: Hygon C86 3250  8-core Processor
flags		: fpu vme de pse tsc msr pae mce cx8 apic sep mtrr pge mca cmov pat pse36 clflush mmx fxsr sse sse2 ht syscall nx mmxext fxsr_opt pdpe1gb rdtscp lm constant_tsc rep_good nopl nonstop_tsc cpuid extd_apicid aperfmperf pni pclmulqdq monitor ssse3 fma cx16 sse4_1 sse4_2 movbe popcnt aes xsave avx f16c rdrand lahf_lm cmp_legacy svm extapic cr8_legacy abm sse4a misalignsse 3dnowprefetch osvw skinit wdt tce topoext perfctr_core perfctr_nb bpext perfctr_llc mwaitx cpb hw_pstate sme ssbd sev ibpb vmmcall fsgsbase bmi1 avx2 smep bmi2 rdseed adx smap clflushopt sha_ni xsaveopt xsavec xgetbv1 xsaves clzero irperf xsaveerptr arat npt lbrv svm_lock nrip_save tsc_scale vmcb_clean flushbyasid decodeassists pausefilter pfthreshold avic v_vmsave_vmload vgif overflow_recov succor smca

Online cpus: 0-15
Offline cpus: 
BIOS frequency limitation: 2800000
Frequency switch latency (ns): 0
Available cpu frequencies: 2800000 2200000 1600000 
Current governor: performance
Core performance/turbo boost: 1

Memory: 4k page, physical 15025560k(420472k free), swap 8237052k(2934012k free)
Page Sizes: 4k

vm_info: Java HotSpot(TM) 64-Bit Server VM (17.0.12+8-LTS-286) for linux-amd64 JRE (17.0.12+8-LTS-286), built on Jun  5 2024 05:37:52 by "mach5one" with gcc 11.2.0

END.
